IndexDate,PusiIndex62USD
2013-01-02,146.50
2013-01-03,150.75
2013-01-04,155.75
2013-01-07,156.50
2013-01-08,159.00
2013-01-09,159.25
2013-01-10,158.75
2013-01-11,155.25
2013-01-14,155.25
2013-01-15,151.25
2013-01-16,147.00
2013-01-17,144.50
2013-01-18,144.75
2013-01-21,146.00
2013-01-22,146.25
2013-01-23,146.75
2013-01-24,147.25
2013-01-25,148.00
2013-01-28,148.25
2013-01-29,148.00
2013-01-30,151.00
2013-01-31,153.00
2013-02-01,154.00
2013-02-04,155.00
2013-02-05,155.00
2013-02-06,155.25
2013-02-07,155.25
2013-02-08,155.25
2013-02-12,155.25
2013-02-13,155.25
2013-02-14,155.25
2013-02-15,155.25
2013-02-18,158.00
2013-02-19,159.00
2013-02-20,160.00
2013-02-21,157.00
2013-02-22,152.50
2013-02-25,151.50
2013-02-26,151.50
2013-02-27,150.50
2013-02-28,150.75
2013-03-01,150.00
2013-03-04,146.50
2013-03-05,145.25
2013-03-06,146.25
2013-03-07,147.00
2013-03-08,147.00
2013-03-11,146.25
2013-03-12,145.50
2013-03-13,139.75
2013-03-14,133.75
2013-03-15,134.25
2013-03-18,134.00
2013-03-19,133.50
2013-03-20,133.25
2013-03-21,133.25
2013-03-22,134.75
2013-03-25,136.00
2013-03-26,137.25
2013-03-27,138.00
2013-03-28,138.00
2013-04-01,135.75
2013-04-02,136.00
2013-04-03,136.00
2013-04-04,136.00
2013-04-05,136.00
2013-04-08,138.25
2013-04-09,139.50
2013-04-10,141.25
2013-04-11,142.00
2013-04-12,142.00
2013-04-15,141.00
2013-04-16,139.25
2013-04-17,139.00
2013-04-18,138.00
2013-04-19,137.75
2013-04-22,137.50
2013-04-23,136.50
2013-04-24,135.75
2013-04-25,135.75
2013-04-26,134.50
2013-04-29,134.00
2013-04-30,133.75
2013-05-02,130.50
2013-05-03,128.50
2013-05-06,128.75
2013-05-07,131.00
2013-05-08,131.00
2013-05-09,131.00
2013-05-10,130.75
2013-05-13,130.00
2013-05-14,129.00
2013-05-15,127.50
2013-05-16,125.50
2013-05-17,123.50
2013-05-20,123.50
2013-05-21,124.50
2013-05-22,124.75
2013-05-23,123.00
2013-05-27,121.25
2013-05-28,118.75
2013-05-29,114.75
2013-05-30,111.50
2013-05-31,109.75
2013-06-03,113.25
2013-06-04,116.00
2013-06-05,116.75
2013-06-06,112.25
2013-06-07,110.75
2013-06-10,110.75
2013-06-11,110.75
2013-06-12,110.75
2013-06-13,110.75
2013-06-14,113.75
2013-06-17,115.75
2013-06-18,117.25
2013-06-19,120.00
2013-06-20,120.00
2013-06-21,118.75
2013-06-24,115.50
2013-06-25,113.75
2013-06-26,112.75
2013-06-27,115.50
2013-06-28,116.25
2013-07-01,116.75
2013-07-02,118.75
2013-07-03,120.75
2013-07-04,125.00
2013-07-05,124.00
2013-07-08,121.50
2013-07-09,123.00
2013-07-10,124.00
2013-07-11,126.50
2013-07-12,128.00
2013-07-15,129.00
2013-07-16,129.25
2013-07-17,129.50
2013-07-18,131.50
2013-07-19,132.00
2013-07-22,131.00
2013-07-23,131.00
2013-07-24,131.00
2013-07-25,131.50
2013-07-26,131.50
2013-07-29,131.00
2013-07-30,130.50
2013-07-31,130.00
2013-08-01,129.75
2013-08-02,129.75
2013-08-05,130.25
2013-08-06,131.50
2013-08-07,133.50
2013-08-12,140.00
2013-08-13,142.00
2013-08-14,142.50
2013-08-15,140.50
2013-08-16,138.00
2013-08-19,137.00
2013-08-20,136.50
2013-08-21,136.50
2013-08-22,137.50
2013-08-23,138.50
2013-08-26,139.50
2013-08-27,141.00
2013-08-28,140.00
2013-08-29,139.00
2013-08-30,139.00
2013-09-02,139.00
2013-09-03,138.50
2013-09-04,138.00
2013-09-05,137.00
2013-09-06,136.00
2013-09-09,135.75
2013-09-10,135.25
2013-09-11,135.00
2013-09-12,135.75
2013-09-13,134.50
2013-09-16,133.00
2013-09-17,130.50
2013-09-18,130.25
2013-09-19,131.00
2013-09-20,131.50
2013-09-23,131.50
2013-09-24,132.50
2013-09-25,132.00
2013-09-26,132.00
2013-09-27,131.50
2013-09-30,131.00
2013-10-01,131.00
2013-10-02,131.00
2013-10-03,131.00
2013-10-04,130.75
2013-10-07,130.75
2013-10-08,131.50
2013-10-09,132.00
2013-10-10,133.50
2013-10-11,134.00
2013-10-14,134.00
2013-10-16,134.00
2013-10-17,135.00
2013-10-18,135.50
2013-10-21,134.75
2013-10-22,133.75
2013-10-23,133.25
2013-10-24,132.50
2013-10-25,131.75
2013-10-28,130.75
2013-10-29,129.75
2013-10-30,130.75
2013-10-31,132.25
2013-11-01,135.00
2013-11-04,135.00
2013-11-05,135.75
2013-11-06,136.75
2013-11-07,136.75
2013-11-08,135.50
2013-11-11,135.75
2013-11-12,135.75
2013-11-13,136.25
2013-11-14,135.75
2013-11-15,136.75
2013-11-18,136.75
2013-11-19,135.50
2013-11-20,135.50
2013-11-21,135.50
2013-11-22,135.75
2013-11-25,135.50
2013-11-26,136.00
2013-11-27,136.00
2013-11-28,136.00
2013-11-29,136.00
2013-12-02,136.50
2013-12-03,138.00
2013-12-04,140.00
2013-12-05,140.00
2013-12-06,139.00
2013-12-09,138.75
2013-12-10,139.25
2013-12-11,138.25
2013-12-12,137.25
2013-12-13,135.25
2013-12-16,134.75
2013-12-17,133.25
2013-12-18,133.25
2013-12-19,133.00
2013-12-20,132.75
2013-12-23,131.25
2013-12-24,132.00
2013-12-26,132.25
2013-12-27,133.25
2013-12-30,134.75
2013-12-31,134.75
2014-01-02,134.50
2014-01-03,134.00
2014-01-06,133.75
2014-01-07,132.50
2014-01-08,132.00
2014-01-09,131.25
2014-01-10,131.25
2014-01-13,131.00
2014-01-14,130.75
2014-01-15,129.25
2014-01-16,128.25
2014-01-17,127.75
2014-01-20,126.25
2014-01-21,123.00
2014-01-22,122.75
2014-01-23,124.50
2014-01-24,124.75
2014-01-27,124.25
2014-01-28,123.50
2014-01-29,123.00
2014-01-30,123.00
2014-02-03,123.00
2014-02-04,123.00
2014-02-05,122.25
2014-02-06,121.25
2014-02-07,120.25
2014-02-10,120.00
2014-02-11,119.50
2014-02-12,121.00
2014-02-13,123.00
2014-02-14,123.50
2014-02-17,124.50
2014-02-18,124.50
2014-02-19,124.25
2014-02-20,122.25
2014-02-21,122.00
2014-02-24,119.00
2014-02-25,117.75
2014-02-26,117.50
2014-02-27,118.25
2014-02-28,118.00
2014-03-03,118.00
2014-03-04,117.00
2014-03-05,116.00
2014-03-06,115.00
2014-03-07,112.00
2014-03-10,105.00
2014-03-11,105.50
2014-03-12,108.75
2014-03-13,111.50
2014-03-14,110.25
2014-03-17,110.25
2014-03-18,110.75
2014-03-19,109.75
2014-03-20,110.50
2014-03-21,110.75
2014-03-24,110.25
2014-03-25,111.75
2014-03-26,111.75
2014-03-27,112.25
2014-03-28,113.25
2014-03-31,117.25
2014-04-01,116.75
2014-04-02,115.50
2014-04-03,115.00
2014-04-04,116.00
2014-04-07,116.50
2014-04-08,118.25
2014-04-09,119.00
2014-04-10,118.00
2014-04-11,116.25
2014-04-14,116.25
2014-04-15,115.75
2014-04-16,114.75
2014-04-17,116.25
2014-04-21,113.75
2014-04-22,112.00
2014-04-23,113.25
2014-04-24,113.50
2014-04-25,111.00
2014-04-28,108.25
2014-04-29,107.50
2014-04-30,105.50
2014-05-02,105.25
2014-05-05,106.00
2014-05-06,106.00
2014-05-07,105.00
2014-05-08,103.00
2014-05-09,102.75
2014-05-12,103.25
2014-05-14,104.00
2014-05-15,103.25
2014-05-16,99.75
2014-05-19,98.75
2014-05-20,98.00
2014-05-21,99.00
2014-05-22,100.75
2014-05-23,98.75
2014-05-26,99.50
2014-05-27,98.75
2014-05-28,97.25
2014-05-29,95.50
2014-05-30,91.50
2014-06-02,91.75
2014-06-03,92.50
2014-06-04,95.00
2014-06-05,94.25
2014-06-06,94.75
2014-06-09,93.75
2014-06-10,93.25
2014-06-11,93.25
2014-06-12,90.75
2014-06-13,90.75
2014-06-16,89.00
2014-06-17,89.50
2014-06-18,91.00
2014-06-19,91.25
2014-06-20,91.75
2014-06-23,93.50
2014-06-24,93.25
2014-06-25,93.75
2014-06-26,95.75
2014-06-27,94.00
2014-06-30,93.25
2014-07-01,94.00
2014-07-02,95.75
2014-07-03,96.50
2014-07-04,96.00
2014-07-07,95.25
2014-07-08,96.00
2014-07-09,96.00
2014-07-10,96.25
2014-07-11,97.00
2014-07-14,97.75
2014-07-15,98.00
2014-07-16,98.25
2014-07-17,96.25
2014-07-18,95.75
2014-07-21,95.00
2014-07-22,95.00
2014-07-23,94.00
2014-07-24,93.00
2014-07-25,94.00
2014-07-29,95.50
2014-07-30,95.50
2014-07-31,95.25
2014-08-01,93.50
2014-08-04,94.75
2014-08-05,95.50
2014-08-06,95.50
2014-08-07,95.50
2014-08-08,95.00
2014-08-11,95.00
2014-08-12,93.75
2014-08-13,93.50
2014-08-14,93.50
2014-08-15,93.75
2014-08-18,93.25
2014-08-19,92.75
2014-08-20,92.25
2014-08-21,91.75
2014-08-22,89.75
2014-08-25,89.25
2014-08-26,88.75
2014-08-27,88.00
2014-08-28,87.25
2014-08-29,88.00
2014-09-01,87.00
2014-09-02,87.00
2014-09-03,85.75
2014-09-04,83.75
2014-09-05,84.00
2014-09-08,83.75
2014-09-09,83.25
2014-09-10,83.00
2014-09-11,82.75
2014-09-12,83.50
2014-09-15,85.75
2014-09-16,84.75
2014-09-17,84.25
2014-09-18,82.75
2014-09-19,82.00
2014-09-22,80.50
2014-09-23,79.75
2014-09-24,79.75
2014-09-25,79.25
2014-09-26,79.25
2014-09-29,77.75
2014-09-30,77.75
2014-10-01,78.75
2014-10-02,79.50
2014-10-03,79.50
2014-10-07,80.50
2014-10-08,79.75
2014-10-09,79.25
2014-10-10,80.50
2014-10-13,83.75
2014-10-14,83.50
2014-10-15,82.25
2014-10-16,80.25
2014-10-17,81.00
2014-10-20,81.75
2014-10-21,82.00
2014-10-23,79.75
2014-10-24,80.00
2014-10-27,80.00
2014-10-28,79.00
2014-10-29,79.00
2014-10-30,79.00
2014-10-31,79.00
2014-11-03,78.50
2014-11-04,77.75
2014-11-05,76.25
2014-11-06,75.50
2014-11-07,76.00
2014-11-10,75.50
2014-11-11,76.00
2014-11-12,76.00
2014-11-13,75.75
2014-11-14,75.50
2014-11-17,75.25
2014-11-18,71.25
2014-11-19,70.25
2014-11-20,70.50
2014-11-21,69.75
2014-11-24,70.25
2014-11-25,69.00
2014-11-26,68.50
2014-11-27,69.25
2014-11-28,71.25
2014-12-01,71.00
2014-12-02,69.75
2014-12-03,69.50
2014-12-04,71.50
2014-12-05,71.25
2014-12-08,69.75
2014-12-09,69.00
2014-12-10,69.50
2014-12-11,69.50
2014-12-12,69.50
2014-12-15,69.25
2014-12-16,68.25
2014-12-17,68.25
2014-12-18,68.50
2014-12-19,69.50
2014-12-22,67.50
2014-12-23,66.25
2014-12-24,66.75
2014-12-26,67.50
2014-12-29,68.00
2014-12-30,71.75
2014-12-31,71.75
2015-01-02,71.75
2015-01-05,70.75
2015-01-06,71.75
2015-01-07,71.25
2015-01-08,71.00
2015-01-09,70.50
2015-01-12,68.75
2015-01-13,68.50
2015-01-14,67.75
2015-01-15,68.75
2015-01-16,68.25
2015-01-19,68.00
2015-01-20,67.25
2015-01-21,66.00
2015-01-22,67.00
2015-01-23,66.50
2015-01-26,63.75
2015-01-27,63.75
2015-01-28,63.00
2015-01-29,63.25
2015-01-30,62.00
2015-02-02,61.25
2015-02-03,63.00
2015-02-04,62.00
2015-02-05,61.75
2015-02-06,62.25
2015-02-09,61.75
2015-02-10,62.75
2015-02-11,62.75
2015-02-12,63.25
2015-02-13,64.25
2015-02-16,65.50
2015-02-17,64.00
2015-02-18,62.50
2015-02-23,62.50
2015-02-24,63.50
2015-02-25,63.00
2015-02-26,63.50
2015-02-27,62.75
2015-03-02,63.00
2015-03-03,63.00
2015-03-04,61.75
2015-03-05,59.75
2015-03-06,58.50
2015-03-09,58.00
2015-03-10,57.25
2015-03-11,57.00
2015-03-12,58.50
2015-03-13,58.50
2015-03-16,58.50
2015-03-17,57.75
2015-03-18,56.25
2015-03-19,55.50
2015-03-20,55.00
2015-03-23,55.00
2015-03-24,56.00
2015-03-25,55.25
2015-03-26,54.00
2015-03-27,53.00
2015-03-30,52.00
2015-03-31,51.25
2015-04-01,48.00
2015-04-02,47.50
2015-04-06,47.50
2015-04-07,47.75
2015-04-08,48.25
2015-04-09,48.00
2015-04-10,47.75
2015-04-13,49.75
2015-04-14,50.75
2015-04-15,50.75
2015-04-16,50.75
2015-04-17,51.50
2015-04-20,51.25
2015-04-21,51.25
2015-04-22,53.50
2015-04-23,54.75
2015-04-24,58.50
2015-04-27,59.75
2015-04-28,59.25
2015-04-29,57.50
2015-04-30,55.50
2015-05-04,57.75
2015-05-05,59.50
2015-05-06,61.25
2015-05-07,59.50
2015-05-08,61.50
2015-05-11,63.00
2015-05-12,62.50
2015-05-13,63.00
2015-05-14,62.00
2015-05-15,61.25
2015-05-18,59.75
2015-05-19,59.50
2015-05-20,58.50
2015-05-21,59.00
2015-05-22,61.25
2015-05-25,61.25
2015-05-26,63.50
2015-05-27,62.75
2015-05-28,61.00
2015-05-29,61.50
2015-06-02,62.75
2015-06-03,63.50
2015-06-04,64.75
2015-06-05,64.75
2015-06-08,64.25
2015-06-09,64.75
2015-06-10,65.75
2015-06-11,65.75
2015-06-12,65.00
2015-06-15,64.00
2015-06-16,62.50
2015-06-17,61.00
2015-06-18,61.00
2015-06-19,61.00
2015-06-22,60.00
2015-06-23,60.75
2015-06-24,62.25
2015-06-25,60.75
2015-06-26,60.50
2015-06-29,60.50
2015-06-30,59.50
2015-07-01,58.50
2015-07-02,56.25
2015-07-03,55.00
2015-07-06,51.25
2015-07-07,49.75
2015-07-08,44.50
2015-07-09,48.75
2015-07-10,48.75
2015-07-13,50.00
2015-07-14,50.75
2015-07-15,50.00
2015-07-16,50.00
2015-07-20,52.75
2015-07-21,52.50
2015-07-22,51.00
2015-07-23,51.25
2015-07-24,51.25
2015-07-27,52.00
2015-07-28,53.50
2015-07-29,56.75
2015-07-30,55.50
2015-07-31,55.25
2015-08-03,55.75
2015-08-04,55.75
2015-08-05,57.25
2015-08-06,56.00
2015-08-11,56.00
2015-08-12,56.25
2015-08-13,57.00
2015-08-14,56.50
2015-08-17,56.75
2015-08-18,56.75
2015-08-19,56.75
2015-08-20,56.25
2015-08-21,56.25
2015-08-24,54.25
2015-08-25,53.25
2015-08-26,53.50
2015-08-27,54.25
2015-08-28,56.25
2015-08-31,56.25
2015-09-01,56.25
2015-09-02,56.75
2015-09-03,56.75
2015-09-04,56.75
2015-09-07,57.00
2015-09-08,57.75
2015-09-09,58.25
2015-09-10,59.25
2015-09-14,58.00
2015-09-15,57.00
2015-09-16,57.00
2015-09-17,57.60
2015-09-18,57.70
2015-09-21,57.70
2015-09-22,57.65
2015-09-23,57.05
2015-09-25,56.85
2015-09-28,55.85
2015-09-29,55.85
2015-09-30,55.65
2015-10-01,55.15
2015-10-02,54.65
2015-10-05,54.90
2015-10-06,54.90
2015-10-07,54.80
2015-10-08,55.95
2015-10-09,56.40
2015-10-12,55.90
2015-10-13,54.90
2015-10-14,54.30
2015-10-15,53.55
2015-10-16,53.80
2015-10-19,53.10
2015-10-20,52.80
2015-10-21,52.30
2015-10-22,51.80
2015-10-23,51.75
2015-10-26,50.75
2015-10-27,51.00
2015-10-28,49.25
2015-10-29,49.65
2015-10-30,49.90
2015-11-02,48.60
2015-11-03,48.60
2015-11-04,48.40
2015-11-05,47.80
2015-11-06,47.80
2015-11-09,48.30
2015-11-11,48.30
2015-11-12,48.10
2015-11-13,48.00
2015-11-16,47.70
2015-11-17,46.80
2015-11-18,46.50
2015-11-19,45.30
2015-11-20,45.30
2015-11-23,44.75
2015-11-24,44.00
2015-11-25,44.20
2015-11-26,44.20
2015-11-27,44.05
2015-11-30,42.50
2015-12-01,40.50
2015-12-02,40.70
2015-12-03,40.50
2015-12-04,39.60
2015-12-07,39.50
2015-12-08,39.30
2015-12-09,39.20
2015-12-10,38.60
2015-12-11,38.60
2015-12-14,39.05
2015-12-15,38.50
2015-12-16,39.15
2015-12-17,39.35
2015-12-18,40.05
2015-12-21,40.55
2015-12-22,40.75
2015-12-23,40.30
2015-12-24,40.30
2015-12-28,41.45
2015-12-29,42.75
2015-12-30,43.05
2015-12-31,43.25
2016-01-04,42.70
2016-01-05,42.65
2016-01-06,42.25
2016-01-07,41.70
2016-01-08,41.50
2016-01-11,41.05
2016-01-12,39.85
2016-01-13,39.50
2016-01-14,39.25
2016-01-15,41.00
2016-01-18,42.65
2016-01-19,42.75
2016-01-20,41.30
2016-01-21,41.10
2016-01-22,41.60
2016-01-25,41.60
2016-01-26,41.50
2016-01-27,42.60
2016-01-28,42.60
2016-01-29,42.40
2016-02-01,43.35
2016-02-02,44.00
2016-02-03,44.75
2016-02-04,46.00
2016-02-05,45.50
2016-02-10,44.20
2016-02-11,44.00
2016-02-12,42.90
2016-02-15,46.30
2016-02-16,46.30
2016-02-17,46.50
2016-02-18,47.15
2016-02-19,48.20
2016-02-22,51.20
2016-02-23,50.00
2016-02-24,49.90
2016-02-25,49.55
2016-02-26,49.10
2016-02-29,49.30
2016-03-01,51.05
2016-03-02,52.60
2016-03-03,51.30
2016-03-04,53.50
2016-03-07,64.20
2016-03-08,62.00
2016-03-09,57.50
2016-03-10,57.35
2016-03-11,56.20
2016-03-14,55.00
2016-03-15,52.10
2016-03-16,53.20
2016-03-17,56.00
2016-03-18,57.00
2016-03-21,58.50
2016-03-22,58.00
2016-03-23,56.75
2016-03-24,55.50
2016-03-28,56.10
2016-03-29,54.25
2016-03-30,54.10
2016-03-31,54.10
2016-04-01,55.10
2016-04-04,55.10
2016-04-05,54.70
2016-04-06,54.65
2016-04-07,54.30
2016-04-08,53.60
2016-04-11,56.50
2016-04-12,59.50
2016-04-13,60.00
2016-04-14,58.75
2016-04-15,58.30
2016-04-18,60.55
2016-04-19,62.60
2016-04-20,65.35
2016-04-21,70.50
2016-04-22,65.85
2016-04-25,65.60
2016-04-26,61.65
2016-04-27,61.00
2016-04-28,63.50
2016-04-29,65.85
2016-05-03,63.85
2016-05-04,61.50
2016-05-05,60.20
2016-05-06,58.35
2016-05-09,54.85
2016-05-10,56.10
2016-05-11,56.25
2016-05-12,55.45
2016-05-13,53.45
2016-05-16,54.40
2016-05-17,57.45
2016-05-18,57.00
2016-05-19,55.00
2016-05-20,54.25
2016-05-23,52.10
2016-05-24,51.65
2016-05-25,50.50
2016-05-26,50.00
2016-05-27,51.80
2016-05-30,50.20
2016-05-31,49.90
2016-06-01,49.50
2016-06-02,49.30
2016-06-03,50.70
2016-06-06,51.70
2016-06-07,53.15
2016-06-08,52.50
2016-06-09,52.50
2016-06-10,52.50
2016-06-13,52.70
2016-06-14,50.95
2016-06-15,50.95
2016-06-16,51.00
2016-06-17,51.55
2016-06-20,51.00
2016-06-21,51.00
2016-06-22,52.90
2016-06-23,52.50
2016-06-24,52.00
2016-06-27,53.65
2016-06-28,53.65
2016-06-29,54.15
2016-06-30,55.00
2016-07-01,54.65
2016-07-04,56.25
2016-07-05,56.25
2016-07-07,55.30
2016-07-08,55.05
2016-07-11,56.40
2016-07-12,58.70
2016-07-13,59.80
2016-07-14,59.05
2016-07-15,58.95
2016-07-18,57.15
2016-07-19,56.20
2016-07-20,56.20
2016-07-21,57.50
2016-07-22,56.65
2016-07-25,56.80
2016-07-26,57.65
2016-07-27,59.20
2016-07-28,60.55
2016-07-29,60.00
2016-08-01,61.00
2016-08-02,61.25
2016-08-03,61.00
2016-08-04,59.70
2016-08-05,61.65
2016-08-08,62.50
2016-08-10,60.90
2016-08-11,59.95
2016-08-12,61.10
2016-08-15,60.50
2016-08-16,62.15
2016-08-17,61.00
2016-08-18,61.40
2016-08-19,61.65
2016-08-22,61.65
2016-08-23,62.50
2016-08-24,62.30
2016-08-25,60.95
2016-08-26,60.15
2016-08-29,60.05
2016-08-30,60.00
2016-08-31,59.00
2016-09-01,60.15
2016-09-02,60.15
2016-09-05,59.50
2016-09-06,59.90
2016-09-07,59.15
2016-09-08,58.45
2016-09-09,58.35
2016-09-13,56.50
2016-09-14,56.30
2016-09-15,56.30
2016-09-16,56.30
2016-09-19,55.95
2016-09-20,55.10
2016-09-21,55.60
2016-09-22,56.55
2016-09-23,56.50
2016-09-26,56.90
2016-09-27,55.85
2016-09-28,55.85
2016-09-29,55.90
2016-09-30,55.95
2016-10-03,55.35
2016-10-04,54.85
2016-10-05,54.85
2016-10-06,54.85
2016-10-07,54.85
2016-10-10,56.30
2016-10-11,56.95
2016-10-12,56.95
2016-10-13,57.00
2016-10-14,57.55
2016-10-17,58.60
2016-10-18,58.70
2016-10-19,58.70
2016-10-20,59.15
2016-10-21,59.00
2016-10-24,59.65
2016-10-25,62.45
2016-10-26,63.60
2016-10-27,63.10
2016-10-28,64.15
2016-10-31,64.70
2016-11-01,65.40
2016-11-02,65.40
2016-11-03,65.45
2016-11-04,65.55
2016-11-07,67.80
2016-11-08,68.65
2016-11-09,71.85
2016-11-10,74.65
2016-11-11,80.40
2016-11-14,79.35
2016-11-15,73.05
2016-11-16,72.80
2016-11-17,73.35
2016-11-18,72.70
2016-11-21,71.20
2016-11-22,75.35
2016-11-23,76.10
2016-11-24,77.50
2016-11-25,80.35
2016-11-28,81.65
2016-11-29,77.30
2016-11-30,73.00
2016-12-01,79.10
2016-12-02,77.30
2016-12-05,79.00
2016-12-06,78.90
2016-12-07,82.30
2016-12-08,81.15
2016-12-09,81.15
2016-12-12,83.95
2016-12-13,83.40
2016-12-14,81.80
2016-12-15,81.80
2016-12-16,80.80
2016-12-19,81.20
2016-12-20,79.45
2016-12-21,79.85
2016-12-22,77.95
2016-12-23,78.55
2016-12-28,79.30
2016-12-29,81.25
2016-12-30,80.75
2016-12-31,79.65
2017-01-03,78.35
2017-01-04,77.80
2017-01-05,77.95
2017-01-06,77.55
2017-01-09,78.05
2017-01-10,79.15
2017-01-11,80.75
2017-01-12,81.15
2017-01-13,80.45
2017-01-16,84.00
2017-01-17,82.05
2017-01-18,81.90
2017-01-19,80.65
2017-01-20,80.10
2017-01-23,81.40
2017-01-24,83.25
2017-01-25,83.45
2017-01-26,83.45
2017-02-03,80.75
2017-02-06,80.80
2017-02-07,82.75
2017-02-08,83.45
2017-02-09,84.00
2017-02-10,86.60
2017-02-13,93.05
2017-02-14,92.00
2017-02-15,91.85
2017-02-16,90.85
2017-02-17,90.85
2017-02-20,93.75
2017-02-21,95.05
2017-02-22,93.70
2017-02-23,92.00
2017-02-24,90.60
2017-02-27,93.65
2017-02-28,91.70
2017-02-29,91.55
2017-03-01,92.45
2017-03-02,91.45
2017-03-06,88.45
2017-03-07,87.90
2017-03-08,87.70
2017-03-09,87.40
2017-03-10,86.40
2017-03-13,88.60
2017-03-14,88.60
2017-03-15,91.00
2017-03-16,92.70
2017-03-17,92.00
2017-03-20,91.30
2017-03-21,87.00
2017-03-22,84.75
2017-03-23,85.90
2017-03-24,83.60
2017-03-27,80.95
2017-03-28,81.20
2017-03-29,82.25
2017-03-30,81.10
2017-03-31,79.25
2017-04-05,81.75
2017-04-06,78.35
2017-04-07,76.20
2017-04-10,74.15
2017-04-11,74.65
2017-04-12,69.00
2017-04-13,69.00
2017-04-17,64.25
2017-04-18,63.80
2017-04-19,65.15
2017-04-20,65.75
2017-04-21,67.90
2017-04-24,66.55
2017-04-25,66.30
2017-04-26,67.15
2017-04-27,67.15
2017-04-28,67.30
2017-05-03,69.15
2017-05-04,68.60
2017-05-05,63.40
2017-05-06,61.40
2017-05-09,60.95
2017-05-10,60.75
2017-05-12,60.95
2017-05-13,60.55
2017-05-16,61.25
2017-05-17,61.65
2017-05-18,62.45
2017-05-19,62.45
2017-05-20,63.05
2017-05-23,63.30
2017-05-24,62.05
2017-05-25,60.65
2017-05-26,59.05
2017-05-27,58.00
2017-06-01,57.40
2017-06-02,56.40
2017-06-03,57.40
2017-06-06,56.40
2017-06-07,56.45
2017-06-08,55.80
2017-06-09,56.10
2017-06-10,54.90
2017-06-13,55.25
2017-06-14,54.00
2017-06-15,54.55
2017-06-16,54.65
2017-06-17,55.60
2017-06-20,56.00
2017-06-21,56.80
2017-06-22,56.65
2017-06-23,56.75
2017-06-24,57.15
2017-06-28,60.10
2017-06-29,63.00
2017-06-30,64.30
2017-07-01,63.00
2017-07-04,64.95
2017-07-05,63.70
2017-07-06,63.50
2017-07-07,63.30
2017-07-08,64.35
2017-07-11,64.55
2017-07-12,66.10
2017-07-13,65.60
2017-07-14,65.75
2017-07-15,65.35
2017-07-18,67.45
2017-07-19,68.60
2017-07-20,70.25
2017-07-21,68.15
2017-07-22,67.95
2017-07-25,67.95
2017-07-26,70.20
2017-07-27,70.30
2017-07-28,69.65
2017-07-29,69.55
2017-08-01,74.00
2017-08-02,74.00
2017-08-03,72.95
2017-08-04,73.35
2017-08-05,74.60
2017-08-08,76.75
2017-08-10,75.25
2017-08-12,76.50
2017-08-13,75.05
2017-08-16,72.90
2017-08-17,72.15
2017-08-18,72.40
2017-08-19,75.20
2017-08-20,74.90
2017-08-23,77.75
2017-08-24,79.35
2017-08-25,75.30
2017-08-26,76.45
2017-08-27,76.85
2017-08-30,76.55
2017-08-31,75.95
2017-09-01,75.55
2017-09-02,77.10
2017-09-06,77.45
2017-09-07,77.90
2017-09-08,76.40
2017-09-09,74.75
2017-09-10,74.15
2017-09-13,74.00
2017-09-14,75.45
2017-09-15,76.25
2017-09-16,74.00
2017-09-17,71.70
2017-09-18,71.90
2017-09-19,68.65
2017-09-20,67.85
2017-09-21,63.15
2017-09-22,62.25
2017-09-25,62.25
2017-09-26,64.60
2017-09-27,62.90
2017-09-28,61.40
2017-09-29,61.35
2017-10-01,61.35
2017-10-02,61.35
2017-10-03,61.35
2017-10-04,61.50
2017-10-05,62.55
2017-10-08,61.30
2017-10-09,59.10
2017-10-10,58.55
2017-10-11,58.10
2017-10-12,62.95
2017-10-16,62.85
2017-10-17,62.00
2017-10-19,59.45
2017-10-20,60.65
2017-10-23,60.75
2017-10-24,62.75
2017-10-25,62.70
2017-10-26,62.30
2017-10-27,59.10
2017-10-30,59.00
2017-10-31,59.50
2017-11-01,59.35
2017-11-02,60.45
2017-11-03,60.05
2017-11-06,63.90
2017-11-07,63.50
2017-11-08,63.05
2017-11-09,62.50
2017-11-10,62.70
2017-11-13,63.15
2017-11-14,63.55
2017-11-15,61.80
2017-11-16,61.80
2017-11-17,62.75
2017-11-20,63.90
2017-11-21,63.90
2017-11-22,66.65
2017-11-23,67.70
2017-11-24,68.45
2017-11-27,68.80
2017-11-28,68.05
2017-11-29,68.80
2017-11-30,69.30
2017-12-01,70.45
2017-12-04,72.40
2017-12-05,72.15
2017-12-06,69.00
2017-12-07,67.60
2017-12-08,69.50
2017-12-11,70.35
2017-12-12,70.30
2017-12-13,71.05
2017-12-14,70.50
2017-12-15,71.45
2017-12-18,74.50
2017-12-19,73.95
2017-12-20,73.65
2017-12-21,72.55
2017-12-22,74.60
2017-12-27,73.45
2017-12-28,72.75
2017-12-29,73.00
2017-12-30,74.35
2018-01-02,75.20
2018-01-03,75.20
2018-01-04,76.40
2018-01-05,77.10
2018-01-08,78.00
2018-01-09,78.80
2018-01-10,78.50
2018-01-11,79.35
2018-01-12,78.30
2018-01-15,76.50
2018-01-16,75.60
2018-01-17,74.35
2018-01-18,74.85
2018-01-19,76.85
2018-01-22,75.90
2018-01-23,73.70
2018-01-24,74.25
2018-01-25,75.05
2018-01-26,74.60
2018-01-29,73.75
2018-01-30,73.50
2018-01-31,73.10
2018-02-01,72.70
2018-02-02,73.80
2018-02-05,75.95
2018-02-06,76.00
2018-02-07,77.50
2018-02-08,77.85
2018-02-09,76.55
2018-02-12,76.55
2018-02-13,77.85
2018-02-14,78.25
2018-02-15,78.25
2018-02-16,78.25
2018-02-19,78.25
2018-02-20,78.25
2018-02-21,78.25
2018-02-22,78.05
2018-02-23,79.20
2018-02-26,79.95
2018-02-27,79.55
2018-02-28,78.90
2018-02-29,79.60
2018-03-01,77.65
2018-03-05,75.65
2018-03-06,75.00
2018-03-07,75.20
2018-03-08,72.00
2018-03-09,70.25
2018-03-12,69.00
2018-03-13,69.95
2018-03-14,71.75
2018-03-15,71.50
2018-03-16,69.60
2018-03-19,67.35
2018-03-20,66.80
2018-03-21,67.90
2018-03-22,67.70
2018-03-23,64.05
2018-03-26,63.05
2018-03-27,63.45
2018-03-28,63.05
2018-03-29,63.10
2018-04-02,65.40
2018-04-03,63.80
2018-04-04,63.00
2018-04-05,63.00
2018-04-06,63.00
2018-04-09,64.05
2018-04-10,65.85
2018-04-11,64.20
2018-04-12,64.75
2018-04-13,65.25
2018-04-16,64.05
2018-04-17,64.45
2018-04-18,66.45
2018-04-19,68.30
2018-04-20,66.85
2018-04-23,67.55
2018-04-24,67.25
2018-04-25,66.25
2018-04-26,66.90
2018-04-27,64.95
2018-04-30,65.35
2018-05-02,66.80
2018-05-03,66.80
2018-05-04,66.10
2018-05-07,66.95
2018-05-08,67.25
2018-05-09,66.25
2018-05-10,66.50
2018-05-11,67.80
2018-05-14,68.25
2018-05-15,67.40
2018-05-16,67.65
2018-05-17,67.25
2018-05-18,66.70
2018-05-21,64.90
2018-05-22,64.50
2018-05-23,63.40
2018-05-24,65.15
2018-05-25,63.75
2018-05-28,63.25
2018-05-30,64.00
2018-05-31,64.30
2018-06-01,64.70
2018-06-04,63.85
2018-06-05,64.75
2018-06-06,65.20
2018-06-07,65.15
2018-06-08,65.10
2018-06-11,65.70
2018-06-12,65.95
2018-06-13,65.80
2018-06-14,66.00
2018-06-18,66.00
2018-06-19,64.25
2018-06-20,64.25
2018-06-21,63.85
2018-06-22,63.90
2018-06-25,64.60
2018-06-26,64.65
2018-06-27,63.80
2018-06-28,63.95
2018-06-29,64.45
2018-07-02,63.80
2018-07-03,63.75
2018-07-04,63.35
2018-07-05,62.50
2018-07-06,62.65
2018-07-09,63.25
2018-07-10,63.20
2018-07-11,62.70
2018-07-12,63.50
2018-07-13,63.50
2018-07-16,63.00
2018-07-17,63.70
2018-07-18,63.75
2018-07-19,64.70
2018-07-20,64.80
2018-07-23,65.20
2018-07-24,65.35
2018-07-25,65.80
2018-07-26,65.45
2018-07-27,67.35
2018-07-30,66.95
2018-07-31,67.55
2018-08-01,66.45
2018-08-02,66.45
2018-08-03,67.45
2018-08-06,68.95
2018-08-07,69.50
2018-08-08,69.40
2018-08-10,68.75
2018-08-13,68.75
2018-08-14,67.50
2018-08-15,67.05
2018-08-16,66.90
2018-08-17,67.50
2018-08-20,67.95
2018-08-21,66.60
2018-08-23,65.65
2018-08-24,66.40
2018-08-27,65.85
2018-08-28,65.85
2018-08-29,65.55
2018-08-30,66.75
2018-08-31,66.15
2018-09-03,66.20
2018-09-04,66.70
2018-09-05,67.05
2018-09-06,68.85
2018-09-07,68.85
2018-09-10,68.55
2018-09-11,68.35
2018-09-12,68.10
2018-09-13,69.25
2018-09-14,69.60
2018-09-17,69.50
2018-09-18,69.50
2018-09-19,69.80
2018-09-20,69.75
2018-09-21,69.20
2018-09-24,68.90
2018-09-25,68.80
2018-09-26,69.00
2018-09-27,69.20
2018-09-28,69.50
2018-10-01,69.50
2018-10-02,69.60
2018-10-03,69.60
2018-10-04,69.60
2018-10-05,69.60
2018-10-08,69.40
2018-10-09,70.55
2018-10-10,71.70
2018-10-11,71.05
2018-10-12,71.50
2018-10-15,71.25
2018-10-16,71.75
2018-10-17,74.25
2018-10-18,74.30
2018-10-19,73.45
2018-10-22,75.00
2018-10-23,74.80
2018-10-24,76.40
2018-10-25,76.50
2018-10-26,77.00
2018-10-29,76.80
2018-10-30,75.55
2018-10-31,75.55
2018-11-01,74.55
2018-11-02,74.10
2018-11-05,75.80
2018-11-07,74.50
2018-11-08,76.25
2018-11-09,77.25
2018-11-12,76.75
2018-11-13,75.20
2018-11-14,74.55
2018-11-15,74.15
2018-11-16,75.10
2018-11-19,75.45
2018-11-20,73.50
2018-11-21,73.40
2018-11-22,72.05
2018-11-23,68.90
2018-11-26,64.70
2018-11-27,64.75
2018-11-28,65.80
2018-11-29,65.65
2018-11-30,65.45
2018-12-03,66.15
2018-12-04,67.60
2018-12-05,67.55
2018-12-06,66.10
2018-12-07,66.95
2018-12-10,66.80
2018-12-11,66.95
2018-12-12,67.15
2018-12-13,68.20
2018-12-14,69.90
2018-12-17,70.55
2018-12-18,69.90
2018-12-19,70.40
2018-12-20,72.15
2018-12-21,72.30
2018-12-26,71.85
2018-12-27,72.40
2018-12-28,72.70
2019-01-02,72.35
2019-01-03,72.75
2019-01-04,73.45
2019-01-07,74.95
2019-01-08,74.95
2019-01-09,74.50
2019-01-10,74.65
2019-01-11,74.70
2019-01-14,74.80
2019-01-15,74.60
2019-01-16,75.20
2019-01-17,74.75
2019-01-18,75.95
2019-01-21,75.95
2019-01-22,74.60
2019-01-23,74.60
2019-01-24,75.40
2019-01-25,75.40
2019-01-28,78.70
2019-01-29,79.95
2019-01-30,85.05
2019-01-31,85.40
2019-02-01,87.00
2019-02-07,90.50
2019-02-08,94.20
2019-02-11,90.20
2019-02-12,87.45
2019-02-13,86.45
2019-02-14,87.80
2019-02-15,87.35
2019-02-18,88.80
2019-02-19,88.70
2019-02-20,87.30
2019-02-21,86.70
2019-02-22,86.70
2019-02-25,84.55
2019-02-26,83.55
2019-02-27,83.30
2019-02-28,84.80
2019-02-29,87.30
2019-03-04,86.80
2019-03-05,88.00
2019-03-06,85.60
2019-03-07,87.05
2019-03-08,84.85
2019-03-11,83.00
2019-03-12,85.05
2019-03-13,84.10
2019-03-14,87.10
2019-03-15,86.20
2019-03-18,87.80
2019-03-19,86.95
2019-03-20,84.05
2019-03-21,84.10
2019-03-22,86.80
2019-03-25,84.95
2019-03-26,84.80
2019-03-27,84.40
2019-03-28,83.85
2019-03-29,87.05
2019-04-01,87.90
2019-04-02,89.65
2019-04-03,93.10
2019-04-04,92.90
2019-04-05,92.90
2019-04-08,95.05
2019-04-09,93.40
2019-04-10,94.30
2019-04-11,95.00
2019-04-12,95.80
2019-04-15,95.80
2019-04-16,94.30
2019-04-17,92.50
2019-04-18,91.80
2019-04-22,93.60
2019-04-23,94.20
2019-04-24,92.55
2019-04-25,92.60
2019-04-26,92.80
2019-04-29,93.35
2019-04-30,94.55
2019-05-02,94.60
2019-05-03,94.65
2019-05-06,93.15
2019-05-07,95.70
2019-05-08,94.25
2019-05-09,95.15
2019-05-10,95.45
2019-05-13,94.40
2019-05-14,93.45
2019-05-15,94.95
2019-05-16,98.00
2019-05-17,100.40
2019-05-21,101.00
2019-05-22,103.60
2019-05-23,102.45
2019-05-24,103.65
2019-05-27,108.00
2019-05-28,106.10
2019-05-29,103.50
2019-05-30,101.70
2019-05-31,99.80
2019-06-03,97.95
2019-06-04,99.90
2019-06-06,98.36
2019-06-10,100.40
2019-06-11,105.90
2019-06-12,106.50
2019-06-13,110.20
2019-06-14,109.40
2019-06-17,108.20
2019-06-18,112.00
2019-06-19,114.25
2019-06-20,117.55
2019-06-21,116.40
2019-06-24,116.30
2019-06-25,113.75
2019-06-26,114.75
2019-06-27,116.35
2019-06-28,117.95
2019-07-01,121.20
2019-07-02,126.20
2019-07-03,126.35
2019-07-04,122.30
2019-07-05,114.25
2019-07-08,117.75
2019-07-09,122.60
2019-07-10,121.20
2019-07-11,119.25
2019-07-12,118.55
2019-07-15,121.40
2019-07-16,122.20
2019-07-17,120.75
2019-07-18,119.50
2019-07-19,121.85
2019-07-22,118.10
2019-07-23,118.10
2019-07-24,115.10
2019-07-25,117.00
2019-07-26,118.75
2019-07-29,118.45
2019-07-30,121.15
2019-07-31,118.35
2019-08-01,113.90
2019-08-02,108.45
2019-08-05,99.15
2019-08-06,97.90
2019-08-07,92.80
2019-08-08,94.80
2019-08-13,88.50
2019-08-14,90.35
2019-08-15,88.80
2019-08-16,89.55
2019-08-19,88.70
2019-08-20,88.45
2019-08-21,83.00
2019-08-22,85.00
2019-08-25,86.00
2019-08-26,83.10
2019-08-27,83.50
2019-08-28,81.45
2019-08-29,85.85
2019-09-02,91.15
2019-09-03,89.35
2019-09-04,91.05
2019-09-05,90.20
2019-09-06,88.10
2019-09-09,91.95
2019-09-10,93.20
2019-09-11,95.50
2019-09-12,98.85
2019-09-13,99.10
2019-09-16,97.75
2019-09-17,96.50
2019-09-18,96.10
2019-09-19,92.00
2019-09-20,91.60
2019-09-23,93.65
2019-09-24,89.60
2019-09-25,89.60
2019-09-26,91.20
2019-09-27,91.50
2019-09-30,93.20
2019-10-08,94.50
2019-10-09,90.70
2019-10-10,93.40
2019-10-11,92.65
2019-10-14,91.50
2019-10-15,92.05
2019-10-16,87.10
2019-10-17,85.95
2019-10-18,85.70
2019-10-21,85.05
2019-10-22,86.00
2019-10-23,86.95
2019-10-24,87.05
2019-10-25,87.65
2019-10-29,85.50
2019-10-30,85.10
2019-10-31,84.00
2019-11-01,85.00
2019-11-04,82.70
2019-11-05,82.70
2019-11-06,83.40
2019-11-07,82.50
2019-11-08,79.90
2019-11-11,78.45
2019-11-12,81.00
2019-11-13,81.15
2019-11-14,83.40
2019-11-15,84.75
2019-11-18,85.10
2019-11-19,85.85
2019-11-20,86.65
2019-11-21,86.85
2019-11-22,87.80
2019-11-25,90.45
2019-11-26,88.70
2019-11-27,87.00
2019-11-28,87.75
2019-11-29,87.25
2019-12-02,88.75
2019-12-03,88.00
2019-12-04,89.00
2019-12-05,88.70
2019-12-06,89.40
2019-12-09,94.35
2019-12-10,93.15
2019-12-11,94.35
2019-12-12,93.80
2019-12-13,94.45
2019-12-16,93.90
2019-12-17,93.10
2019-12-18,92.30
2019-12-19,93.20
2019-12-20,90.90
2019-12-23,90.90
2019-12-24,91.10
2019-12-26,90.85
2019-12-28,89.70
2019-12-29,90.50
2019-12-30,90.75
2019-12-31,91.95
2020-01-02,93.20
2020-01-03,93.90
2020-01-06,94.00
2020-01-07,94.00
2020-01-08,95.65
2020-01-09,93.40
2020-01-10,93.25
2020-01-13,94.50
2020-01-14,96.15
2020-01-15,95.30
2020-01-16,95.25
2020-01-17,95.75
2020-01-20,95.85
2020-01-21,95.60
2020-01-22,95.40
2020-01-23,92.05
2020-01-24,92.05
2020-01-28,84.70
2020-01-29,85.60
2020-01-30,83.00
2020-01-31,82.55
2020-02-03,79.80
2020-02-04,83.05
2020-02-05,80.55
2020-02-06,82.15
2020-02-07,82.65
2020-02-10,81.70
2020-02-11,85.55
2020-02-12,88.00
2020-02-13,88.20
2020-02-14,88.35
2020-02-17,90.10
2020-02-18,89.15
2020-02-19,89.15
2020-02-20,91.10
2020-02-21,91.80
2020-02-24,91.20
2020-02-25,90.10
2020-02-26,87.35
2020-02-27,85.40
2020-02-28,83.90
2020-03-02,88.85
2020-03-03,87.85
2020-03-04,90.95
2020-03-05,91.90
2020-03-06,89.50
2020-03-09,87.20
2020-03-10,91.40
2020-03-11,89.35
2020-03-12,90.10
2020-03-13,91.00
2020-03-16,90.05
2020-03-17,90.75
2020-03-18,90.75
2020-03-19,90.50
2020-03-20,86.55
2020-03-23,80.20
2020-03-24,84.30
2020-03-25,87.05
2020-03-26,85.95
2020-03-27,85.90
2020-03-30,82.55
2020-03-31,83.70
2020-04-01,82.00
2020-04-02,83.50
2020-04-03,82.65
2020-04-06,81.95
2020-04-07,83.30
2020-04-08,83.55
2020-04-12,85.20
2020-04-13,86.10
2020-04-14,85.85
2020-04-15,84.50
2020-04-16,85.45
2020-04-19,86.20
2020-04-20,83.60
2020-04-21,84.20
2020-04-22,83.70
2020-04-23,83.90
2020-04-27,83.40
2020-04-28,82.40
2020-04-29,82.60
2020-04-30,83.95
2020-05-02,84.20
2020-05-08,88.45
2020-05-11,87.85
2020-05-12,90.15
2020-05-13,91.15
2020-05-14,90.75
2020-05-15,93.25
2020-05-18,96.15
2020-05-19,97.95
2020-05-20,96.10
2020-05-21,97.95
2020-05-22,96.85
2020-05-26,94.60
2020-05-27,95.10
2020-05-28,96.40
2020-05-29,100.90
2020-06-01,100.50
2020-06-02,101.75
2020-06-03,100.80
2020-06-04,99.20
2020-06-05,100.95
2020-06-08,106.55
2020-06-09,105.15
2020-06-10,103.85
2020-06-11,103.95
2020-06-12,105.35
2020-06-15,103.45
2020-06-16,105.45
2020-06-17,103.60
2020-06-18,103.00
2020-06-19,103.00
2020-06-22,101.50
2020-06-23,102.50
2020-06-24,104.60
2020-06-27,99.70
2020-06-28,101.05
2020-06-29,100.75
2020-06-30,100.45
2020-07-01,101.20
2020-07-04,101.60
2020-07-05,103.45
2020-07-06,106.90
2020-07-07,107.05
2020-07-10,111.85
2020-07-11,112.40
2020-07-12,112.70
2020-07-13,110.35
2020-07-14,110.45
2020-07-17,109.50
2020-07-18,111.15
2020-07-19,110.40
2020-07-20,111.20
2020-07-21,109.55
2020-07-24,107.80
2020-07-25,108.05
2020-07-26,110.90
2020-07-27,111.45
2020-07-30,116.35
2020-07-31,118.00
2020-08-01,118.45
2020-08-02,121.40
2020-08-03,118.85
2020-08-07,121.45
2020-08-08,122.20
2020-08-10,120.75
2020-08-11,121.75
2020-08-14,121.90
2020-08-15,127.60
2020-08-16,128.80
2020-08-17,128.40
2020-08-18,126.55
2020-08-21,124.45
2020-08-22,121.50
2020-08-23,123.25
2020-08-24,121.20
2020-08-25,123.25
2020-08-28,124.35
2020-08-29,125.45
2020-08-30,128.05
2020-08-31,130.80
2020-09-01,128.70
2020-09-04,129.90
2020-09-05,129.00
2020-09-06,127.20
2020-09-07,126.30
2020-09-08,129.05
2020-09-12,130.50
2020-09-13,128.55
2020-09-14,124.30
2020-09-15,122.05
2020-09-16,125.20
2020-09-19,120.00
2020-09-20,117.00
2020-09-21,114.40
2020-09-22,115.90
2020-09-23,116.05
2020-09-26,117.05
2020-09-27,118.95
2020-09-28,123.15
2020-10-09,125.85
2020-10-12,123.85
2020-10-13,121.35
2020-10-14,119.75
2020-10-15,118.90
2020-10-16,119.05
2020-10-19,119.40
2020-10-20,119.50
2020-10-21,120.40
2020-10-22,119.75
2020-10-23,115.55
2020-10-26,115.00
2020-10-27,115.70
2020-10-28,116.95
2020-10-29,116.25
2020-10-30,117.95
2020-11-02,119.05
2020-11-03,117.70
2020-11-04,117.65
2020-11-05,117.45
2020-11-06,118.10
2020-11-09,121.80
2020-11-10,123.30
2020-11-11,124.90
2020-11-12,123.40
2020-11-13,122.65
2020-11-16,124.00
2020-11-17,126.15
2020-11-18,127.25
2020-11-19,128.30
2020-11-20,129.50
2020-11-23,126.80
2020-11-24,127.75
2020-11-25,128.15
2020-11-26,129.95
2020-11-27,130.95
2020-11-30,132.30
2020-12-01,133.05
2020-12-02,136.75
2020-12-03,137.80
2020-12-04,145.30
2020-12-07,147.55
2020-12-08,149.95
2020-12-09,150.75
2020-12-10,158.25
2020-12-11,160.70
2020-12-14,154.50
2020-12-15,155.75
2020-12-16,157.05
2020-12-17,158.70
2020-12-18,164.15
2020-12-21,176.90
2020-12-22,167.00
2020-12-23,163.05
2020-12-24,166.50
2020-12-28,164.25
2020-12-29,162.50
2020-12-30,158.90
2020-12-31,159.20
2021-01-04,164.50
2021-01-05,167.15
2021-01-06,167.95
2021-01-07,170.60
2021-01-08,171.75
2021-01-11,171.10
2021-01-12,171.35
2021-01-13,169.00
2021-01-14,171.45
2021-01-15,172.80
2021-01-18,173.60
2021-01-19,170.25
2021-01-20,168.90
2021-01-21,170.55
2021-01-22,168.60
2021-01-25,168.50
2021-01-26,164.65
2021-01-27,165.55
2021-01-28,156.20
2021-01-29,158.05
2021-02-01,156.05
2021-02-02,150.10
2021-02-03,152.05
2021-02-04,158.05
2021-02-05,155.90
2021-02-08,159.80
2021-02-09,163.45
2021-02-10,165.95
2021-02-17,168.95
2021-02-18,174.45
2021-02-19,172.20
2021-02-20,175.60
2021-02-21,172.75
2021-02-24,175.60
2021-02-25,172.75
2021-02-26,172.50
2021-02-27,174.30
2021-02-28,176.65
2021-03-02,174.35
2021-03-03,175.55
2021-03-04,177.45
2021-03-05,178.45
2021-03-06,174.65
2021-03-09,174.15
2021-03-10,163.60
2021-03-11,164.70
2021-03-12,171.05
2021-03-13,165.70
2021-03-16,163.65
2021-03-17,166.30
2021-03-18,165.85
2021-03-19,166.00
2021-03-20,160.20
2021-03-23,156.35
2021-03-24,160.50
2021-03-25,159.55
2021-03-26,160.20
2021-03-27,161.45
2021-03-30,167.70
2021-03-31,166.55
2021-04-01,164.75
2021-04-02,167.00
2021-04-05,167.70
2021-04-06,170.85
2021-04-07,172.90
2021-04-08,172.15
2021-04-09,172.35
2021-04-12,173.00
2021-04-13,172.35
2021-04-14,172.65
2021-04-15,177.30
2021-04-16,177.85
2021-04-19,181.20
2021-04-20,187.75
2021-04-21,185.75
2021-04-22,183.60
2021-04-23,185.10
2021-04-26,191.45
2021-04-27,193.85
2021-04-28,190.45
2021-04-29,190.45
2021-04-30,186.45
2021-05-04,186.45
2021-05-05,189.65
2021-05-06,192.70
2021-05-07,202.65
2021-05-08,212.75
2021-05-11,229.55
2021-05-12,228.90
2021-05-13,233.10
2021-05-15,209.35
2021-05-18,217.00
2021-05-19,223.75
2021-05-20,215.45
2021-05-21,210.85
2021-05-22,200.10
2021-05-25,188.25
2021-05-26,191.65
2021-05-28,187.65
2021-05-29,189.55
2021-05-30,198.75
2021-05-31,209.10
2021-06-01,209.45
2021-06-02,211.20
2021-06-05,208.35
2021-06-06,202.85
2021-06-07,210.40
2021-06-08,213.50
2021-06-09,217.00
2021-06-12,219.95
2021-06-13,222.30
2021-06-14,222.35
2021-06-15,213.65
2021-06-16,220.80
2021-06-19,217.30
2021-06-20,206.55
2021-06-21,212.70
2021-06-22,216.60
2021-06-23,214.90
2021-06-26,218.70
2021-06-27,220.05
2021-06-28,214.10
2021-06-29,218.40
2021-06-30,218.80
2021-07-03,217.30
2021-07-04,221.40
2021-07-05,222.00
2021-07-06,222.85
2021-07-07,218.20
2021-07-10,216.50
2021-07-11,218.45
2021-07-12,217.85
2021-07-13,217.85
2021-07-14,222.30
2021-07-18,221.10
2021-07-19,220.05
2021-07-22,213.60
2021-07-23,201.50
2021-07-24,201.90
2021-07-25,202.95
2021-07-26,200.45
2021-07-27,201.25
2021-07-29,195.00
2021-07-30,180.50
2021-08-02,183.40
2021-08-03,184.15
2021-08-04,183.15
2021-08-05,170.05
2021-08-08,171.20
2021-08-11,162.20
2021-08-12,166.20
2021-08-13,161.45
2021-08-14,160.85
2021-08-17,162.50
2021-08-18,159.50
2021-08-19,153.05
2021-08-20,130.20
2021-08-21,139.10
2021-08-24,136.50
2021-08-25,148.60
2021-08-26,149.45
2021-08-27,153.35
2021-08-30,159.05
2021-08-31,157.75
2021-09-01,152.60
2021-09-02,143.55
2021-09-03,139.70
2021-09-06,145.05
2021-09-07,131.50
2021-09-08,137.85
2021-09-09,133.05
2021-09-10,130.50
2021-09-13,128.75
2021-09-14,122.60
2021-09-15,120.35
2021-09-16,113.40
2021-09-17,106.50
2021-09-20,100.80
2021-09-21,94.00
2021-09-22,94.00
2021-09-23,107.55
2021-09-24,108.90
2021-09-25,110.15
2021-09-26,118.65
2021-09-27,112.35
2021-09-28,114.80
2021-10-07,117.80
2021-10-08,125.05
2021-10-11,136.95
2021-10-12,128.50
2021-10-13,123.60
2021-10-14,126.00
2021-10-15,125.45
2021-10-18,124.15
2021-10-19,123.50
2021-10-20,124.45
2021-10-21,117.50
2021-10-24,120.35
2021-10-25,119.75
2021-10-26,122.75
2021-10-27,119.65
2021-10-28,113.15
2021-10-31,106.75
2021-11-01,103.30
2021-11-02,96.45
2021-11-03,99.70
2021-11-06,92.75
2021-11-07,93.85
2021-11-08,92.45
2021-11-09,89.50
2021-11-12,94.20
2021-11-13,89.75
2021-11-14,89.15
2021-11-15,90.40
2021-11-16,89.95
2021-11-19,87.20
2021-11-20,91.30
2021-11-21,94.70
2021-11-22,99.45
2021-11-23,103.45
2021-11-26,100.10
2021-11-27,96.65
2021-11-28,99.95
2021-11-29,100.10
2021-11-30,101.40
2021-12-03,98.35
2021-12-04,98.50
2021-12-05,100.40
2021-12-06,108.55
2021-12-07,107.00
2021-12-10,106.70
2021-12-11,102.60
2021-12-12,110.20
2021-12-13,108.25
2021-12-14,109.70
2021-12-17,114.70
2021-12-18,118.25
2021-12-19,123.20
2021-12-20,123.80
2021-12-21,122.60
2021-12-24,123.75
2021-12-26,125.05
2021-12-28,117.70
2021-12-29,118.05
2021-12-30,117.25
2021-12-31,119.00
2022-01-03,119.50
2022-01-04,122.90
2022-01-05,125.35
2022-01-06,128.25
2022-01-09,127.30
2022-01-10,125.45
2022-01-11,128.60
2022-01-12,131.60
2022-01-13,127.95
2022-01-16,126.75
2022-01-17,124.00
2022-01-18,127.30
2022-01-19,130.20
2022-01-20,133.65
2022-01-23,137.40
2022-01-24,133.70
2022-01-25,137.85
2022-01-26,138.10
2022-01-27,138.75
2022-01-30,138.75
2022-01-31,147.90
2022-02-01,141.75
2022-02-02,145.95
2022-02-05,146.60
2022-02-06,149.40
2022-02-07,149.95
2022-02-08,146.75
2022-02-09,153.75
2022-02-12,150.15
2022-02-13,149.40
2022-02-14,136.20
2022-02-15,140.30
2022-02-16,130.65
2022-02-19,133.50
2022-02-20,139.00
2022-02-21,136.75
2022-02-22,138.05
2022-02-23,136.95
2022-02-26,133.45
2022-02-27,139.10
2022-02-28,144.45
2022-02-29,145.00
2022-03-01,153.00
2022-03-04,152.40
2022-03-05,162.75
2022-03-06,162.25
2022-03-07,157.55
2022-03-08,156.35
2022-03-11,154.50
2022-03-12,144.90
2022-03-13,135.55
2022-03-14,145.45
2022-03-15,146.90
2022-03-18,151.35
2022-03-19,147.90
2022-03-20,143.50
2022-03-21,146.45
2022-03-22,146.35
2022-03-25,150.80
2022-03-26,152.40
2022-03-27,152.95
2022-03-28,158.20
2022-03-29,158.30
2022-04-01,159.85
2022-04-02,160.80
2022-04-03,160.80
2022-04-04,160.20
2022-04-05,155.05
2022-04-08,154.65
2022-04-09,150.60
2022-04-10,154.85
2022-04-11,151.40
2022-04-12,152.80
2022-04-15,153.85
2022-04-16,149.85
2022-04-17,150.70
2022-04-18,150.05
2022-04-21,150.50
2022-04-22,135.75
2022-04-23,138.95
2022-04-24,140.45
2022-04-25,142.00
2022-04-28,142.35
2022-04-29,142.90
2022-04-30,145.80
2022-05-02,139.00
2022-05-08,131.35
2022-05-09,128.10
2022-05-10,133.50
2022-05-11,127.56
2022-05-14,127.35
2022-05-16,130.15
2022-05-17,126.60
2022-05-18,129.40
2022-05-21,136.25
2022-05-22,135.95
2022-05-23,130.50
2022-05-24,133.40
2022-05-27,131.25
2022-05-28,134.45
2022-05-29,136.60
2022-05-30,136.50
2022-05-31,136.55
2022-06-02,143.65
2022-06-03,143.65
2022-06-06,146.75
2022-06-07,147.25
2022-06-08,146.90
2022-06-09,143.85
2022-06-10,141.55
2022-06-13,136.60
2022-06-14,134.20
2022-06-15,130.85
2022-06-16,129.50
2022-06-19,122.15
2022-06-20,112.35
2022-06-21,115.90
2022-06-22,109.40
2022-06-23,116.05
2022-06-26,115.00
2022-06-27,119.60
2022-06-28,125.00
2022-06-29,123.20
2022-06-30,120.10
2022-07-03,116.45
2022-07-04,109.90
2022-07-05,114.30
2022-07-06,112.35
2022-07-07,114.85
2022-07-10,114.05
2022-07-12,105.80
2022-07-13,109.40
2022-07-14,100.25
2022-07-17,96.60
2022-07-18,100.90
2022-07-19,96.45
2022-07-20,97.55
2022-07-21,96.40
2022-07-24,100.35
2022-07-25,104.00
2022-07-26,111.70
2022-07-27,111.05
2022-07-28,117.95
2022-07-31,114.00
2022-08-01,112.90
2022-08-02,113.30
2022-08-03,108.10
2022-08-04,103.80
2022-08-07,106.95
2022-08-08,108.80
2022-08-11,108.40
2022-08-12,110.60
2022-08-13,108.85
2022-08-14,104.40
2022-08-15,104.05
2022-08-18,100.40
2022-08-19,100.60
2022-08-22,99.70
2022-08-23,100.65
2022-08-24,102.30
2022-08-25,102.50
2022-08-26,102.25
2022-08-29,105.80
2022-08-30,101.75
2022-08-31,97.60
2022-09-01,100.95
2022-09-02,95.60
2022-09-05,95.00
2022-09-06,98.00
2022-09-07,97.30
2022-09-08,96.90
2022-09-09,99.80
2022-09-12,103.65
2022-09-13,101.95
2022-09-14,104.25
2022-09-15,100.80
2022-09-16,101.05
2022-09-19,98.45
2022-09-20,97.70
2022-09-21,96.65
2022-09-22,96.40
2022-09-23,98.75
2022-09-24,99.60
2022-09-25,96.05
2022-09-26,97.60
2022-09-27,96.05
2022-09-28,97.60
2022-09-29,95.50
2022-09-30,95.85
2022-10-03,95.95
2022-10-04,95.30
2022-10-05,95.50
2022-10-06,95.70
2022-10-07,95.80
2022-10-08,95.80
2022-10-09,98.75
2022-10-10,97.05
2022-10-11,96.50
2022-10-12,94.20
2022-10-14,96.15
2022-10-15,93.75
2022-10-16,94.80
2022-10-17,93.75
2022-10-18,91.40
2022-10-21,93.00
2022-10-25,89.50
2022-10-26,87.80
2022-10-27,82.50
2022-10-30,81.85
2022-10-31,79.50
2022-11-01,80.15
2022-11-02,83.05
2022-11-03,83.75
2022-11-06,88.05
2022-11-07,87.95
2022-11-08,89.05
2022-11-09,89.55
2022-11-10,88.15
2022-11-13,92.25
2022-11-14,95.30
2022-11-15,95.70
2022-11-16,98.10
2022-11-17,98.35
2022-11-20,99.10
2022-11-21,96.25
2022-11-22,94.20
2022-11-23,95.20
2022-11-24,96.45
2022-11-27,99.65
2022-11-28,98.90
2022-11-29,101.25
2022-11-30,101.15
2022-12-01,103.10
2022-12-04,107.30
2022-12-05,109.60
2022-12-06,109.70
2022-12-07,107.45
2022-12-08,110.70
2022-12-11,112.40
2022-12-12,110.25
2022-12-13,110.30
2022-12-14,109.75
2022-12-15,113.15
2022-12-18,112.70
2022-12-19,109.20
2022-12-20,110.50
2022-12-21,114.25
2022-12-22,111.65
2022-12-26,112.50
2022-12-28,114.65
2022-12-29,114.75
2022-12-30,115.55
2022-12-31,117.35
2023-01-03,117.65
2023-01-04,117.00
2023-01-05,117.20
2023-01-07,119.80
2023-01-08,118.70
2023-01-09,122.15
2023-01-10,124.00
2023-01-11,123.65
2023-01-14,127.00
2023-01-15,120.75
2023-01-16,121.50
2023-01-17,122.70
2023-01-18,124.95
2023-01-21,126.65
2023-01-22,126.80
2023-01-23,127.40
2023-01-24,127.40
2023-01-29,129.80
2023-01-30,128.95
2023-01-31,126.70
2023-02-01,125.15
2023-02-04,126.25
2023-02-05,124.05
2023-02-06,121.70
2023-02-07,122.90
2023-02-08,125.50
2023-02-11,126.10
2023-02-12,121.85
2023-02-13,123.75
2023-02-14,123.60
2023-02-15,124.75
2023-02-18,127.30
2023-02-19,129.55
2023-02-20,131.85
2023-02-21,130.60
2023-02-24,130.20
2023-02-25,126.65
2023-02-26,122.50
2023-02-27,124.10
2023-02-28,126.80
2023-03-02,127.25
2023-03-03,127.45
2023-03-04,125.35
2023-03-05,128.00
2023-03-06,127.90
2023-03-09,129.00
2023-03-10,129.95
2023-03-11,132.35
2023-03-12,133.00
2023-03-13,133.10
2023-03-17,130.45
2023-03-18,132.00
2023-03-19,126.50
2023-03-20,124.70
2023-03-21,121.40
2023-03-22,120.30
2023-03-25,121.10
2023-03-26,121.65
2023-03-27,121.65
2023-03-28,123.70
2023-03-29,125.10
2023-04-01,128.00
2023-04-02,127.30
2023-04-03,122.40
2023-04-04,121.10
2023-04-05,120.45
2023-04-08,119.60
2023-04-10,119.65
2023-04-11,122.00
2023-04-12,120.75
2023-04-15,118.95
2023-04-16,118.90
2023-04-17,120.00
2023-04-18,120.45
2023-04-19,120.70
2023-04-22,118.20
2023-04-23,112.15
2023-04-24,106.80
2023-04-25,104.35
2023-04-26,107.65
2023-04-27,106.05
2023-04-30,106.50
2023-05-02,106.40
2023-05-03,106.20
2023-05-04,104.05
2023-05-07,103.65
2023-05-08,109.95
2023-05-09,106.00
2023-05-10,107.50
2023-05-11,102.85
2023-05-14,103.05
2023-05-15,108.40
2023-05-16,108.40
2023-05-17,111.00
2023-05-18,110.30
2023-05-21,108.40
2023-05-22,104.85
2023-05-23,102.40
2023-05-24,97.35
2023-05-25,98.10
2023-05-28,102.45
2023-05-29,104.45
2023-05-30,102.65
2023-05-31,103.20
2023-06-01,104.35
2023-06-04,109.00
2023-06-05,109.90
2023-06-06,111.10
2023-06-07,114.50
2023-06-08,116.25
2023-06-11,112.40
2023-06-12,112.90
2023-06-13,114.30
2023-06-14,115.40
2023-06-17,115.50
2023-06-18,115.15
2023-06-19,114.75
2023-06-20,112.40
2023-06-21,112.40
2023-06-24,112.15
2023-06-25,109.45
2023-06-26,113.95
2023-06-27,113.50
2023-06-30,111.60
2023-07-01,110.55
2023-07-02,110.50
2023-07-03,111.55
2023-07-04,111.85
2023-07-07,109.45
2023-07-08,105.40
2023-07-09,107.60
2023-07-10,110.55
2023-07-11,111.75
2023-07-14,115.80
2023-07-15,115.05
2023-07-16,115.85
2023-07-17,114.00
2023-07-18,116.25
2023-07-21,115.35
2023-07-22,114.50
2023-07-23,116.75
2023-07-24,116.45
2023-07-27,113.10
2023-07-28,109.40
2023-07-29,110.05
2023-07-30,109.55
2023-07-31,106.95
2023-08-01,103.75
2023-08-04,105.05
2023-08-05,104.10
2023-08-06,104.80
2023-08-08,103.35
2023-08-12,105.10
2023-08-13,103.45
2023-08-14,104.10
2023-08-15,104.45
2023-08-16,108.80
2023-08-19,109.35
2023-08-20,110.35
2023-08-21,113.30
2023-08-22,116.50
2023-08-23,114.50
2023-08-26,116.60
2023-08-27,113.95
2023-08-28,114.05
2023-08-29,116.45
2023-08-30,118.20
2023-09-02,118.50
2023-09-03,118.75
2023-09-04,119.50
2023-09-05,117.70
2023-09-08,116.80
2023-09-09,120.70
2023-09-10,122.60
2023-09-11,122.50
2023-09-12,123.95
2023-09-15,125.60
2023-09-16,124.45
2023-09-17,122.75
2023-09-18,124.65
2023-09-19,119.85
2023-09-22,123.60
2023-09-23,118.80
2023-09-24,117.40
2023-09-25,118.30
2023-09-26,119.70
2023-09-29,119.80
2023-09-30,119.90
2023-10-01,119.80
2023-10-02,119.70
2023-10-04,119.50
2023-10-05,119.45
2023-10-06,116.35
2023-10-07,114.05
2023-10-08,116.25
2023-10-12,118.20
2023-10-13,118.45
2023-10-14,120.15
2023-10-15,120.35
2023-10-16,118.35
2023-10-17,119.35
2023-10-20,115.25
2023-10-21,115.55
2023-10-22,118.55
2023-10-23,120.00
2023-10-24,119.00
2023-10-27,121.80
2023-10-28,122.90
2023-10-29,123.15
2023-10-30,125.35
2023-10-31,126.60
2023-11-03,126.80
2023-11-04,127.10
2023-11-05,126.10
2023-11-06,127.70
2023-11-07,128.15
2023-11-10,132.40
2023-11-11,130.40
2023-11-12,132.00
2023-11-13,132.40
2023-11-14,129.75
