date,yield
2013/1/2,146.5
2013/1/3,150.75
2013/1/4,155.75
2013/1/7,156.5
2013/1/8,159
2013/1/9,159.25
2013/1/10,158.75
2013/1/11,155.25
2013/1/14,155.25
2013/1/15,151.25
2013/1/16,147
2013/1/17,144.5
2013/1/18,144.75
2013/1/21,146
2013/1/22,146.25
2013/1/23,146.75
2013/1/24,147.25
2013/1/25,148
2013/1/28,148.25
2013/1/29,148
2013/1/30,151
2013/1/31,153
2013/2/1,154
2013/2/4,155
2013/2/5,155
2013/2/6,155.25
2013/2/7,155.25
2013/2/8,155.25
2013/2/12,155.25
2013/2/13,155.25
2013/2/14,155.25
2013/2/15,155.25
2013/2/18,158
2013/2/19,159
2013/2/20,160
2013/2/21,157
2013/2/22,152.5
2013/2/25,151.5
2013/2/26,151.5
2013/2/27,150.5
2013/2/28,150.75
2013/3/1,150
2013/3/4,146.5
2013/3/5,145.25
2013/3/6,146.25
2013/3/7,147
2013/3/8,147
2013/3/11,146.25
2013/3/12,145.5
2013/3/13,139.75
2013/3/14,133.75
2013/3/15,134.25
2013/3/18,134
2013/3/19,133.5
2013/3/20,133.25
2013/3/21,133.25
2013/3/22,134.75
2013/3/25,136
2013/3/26,137.25
2013/3/27,138
2013/3/28,138
2013/4/1,135.75
2013/4/2,136
2013/4/3,136
2013/4/4,136
2013/4/5,136
2013/4/8,138.25
2013/4/9,139.5
2013/4/10,141.25
2013/4/11,142
2013/4/12,142
2013/4/15,141
2013/4/16,139.25
2013/4/17,139
2013/4/18,138
2013/4/19,137.75
2013/4/22,137.5
2013/4/23,136.5
2013/4/24,135.75
2013/4/25,135.75
2013/4/26,134.5
2013/4/29,134
2013/4/30,133.75
2013/5/2,130.5
2013/5/3,128.5
2013/5/6,128.75
2013/5/7,131
2013/5/8,131
2013/5/9,131
2013/5/10,130.75
2013/5/13,130
2013/5/14,129
2013/5/15,127.5
2013/5/16,125.5
2013/5/17,123.5
2013/5/20,123.5
2013/5/21,124.5
2013/5/22,124.75
2013/5/23,123
2013/5/27,121.25
2013/5/28,118.75
2013/5/29,114.75
2013/5/30,111.5
2013/5/31,109.75
2013/6/3,113.25
2013/6/4,116
2013/6/5,116.75
2013/6/6,112.25
2013/6/7,110.75
2013/6/10,110.75
2013/6/11,110.75
2013/6/12,110.75
2013/6/13,110.75
2013/6/14,113.75
2013/6/17,115.75
2013/6/18,117.25
2013/6/19,120
2013/6/20,120
2013/6/21,118.75
2013/6/24,115.5
2013/6/25,113.75
2013/6/26,112.75
2013/6/27,115.5
2013/6/28,116.25
2013/7/1,116.75
2013/7/2,118.75
2013/7/3,120.75
2013/7/4,125
2013/7/5,124
2013/7/8,121.5
2013/7/9,123
2013/7/10,124
2013/7/11,126.5
2013/7/12,128
2013/7/15,129
2013/7/16,129.25
2013/7/17,129.5
2013/7/18,131.5
2013/7/19,132
2013/7/22,131
2013/7/23,131
2013/7/24,131
2013/7/25,131.5
2013/7/26,131.5
2013/7/29,131
2013/7/30,130.5
2013/7/31,130
2013/8/1,129.75
2013/8/2,129.75
2013/8/5,130.25
2013/8/6,131.5
2013/8/7,133.5
2013/8/12,140
2013/8/13,142
2013/8/14,142.5
2013/8/15,140.5
2013/8/16,138
2013/8/19,137
2013/8/20,136.5
2013/8/21,136.5
2013/8/22,137.5
2013/8/23,138.5
2013/8/26,139.5
2013/8/27,141
2013/8/28,140
2013/8/29,139
2013/8/30,139
2013/9/2,139
2013/9/3,138.5
2013/9/4,138
2013/9/5,137
2013/9/6,136
2013/9/9,135.75
2013/9/10,135.25
2013/9/11,135
2013/9/12,135.75
2013/9/13,134.5
2013/9/16,133
2013/9/17,130.5
2013/9/18,130.25
2013/9/19,131
2013/9/20,131.5
2013/9/23,131.5
2013/9/24,132.5
2013/9/25,132
2013/9/26,132
2013/9/27,131.5
2013/9/30,131
2013/10/1,131
2013/10/2,131
2013/10/3,131
2013/10/4,130.75
2013/10/7,130.75
2013/10/8,131.5
2013/10/9,132
2013/10/10,133.5
2013/10/11,134
2013/10/14,134
2013/10/16,134
2013/10/17,135
2013/10/18,135.5
2013/10/21,134.75
2013/10/22,133.75
2013/10/23,133.25
2013/10/24,132.5
2013/10/25,131.75
2013/10/28,130.75
2013/10/29,129.75
2013/10/30,130.75
2013/10/31,132.25
2013/11/1,135
2013/11/4,135
2013/11/5,135.75
2013/11/6,136.75
2013/11/7,136.75
2013/11/8,135.5
2013/11/11,135.75
2013/11/12,135.75
2013/11/13,136.25
2013/11/14,135.75
2013/11/15,136.75
2013/11/18,136.75
2013/11/19,135.5
2013/11/20,135.5
2013/11/21,135.5
2013/11/22,135.75
2013/11/25,135.5
2013/11/26,136
2013/11/27,136
2013/11/28,136
2013/11/29,136
2013/12/2,136.5
2013/12/3,138
2013/12/4,140
2013/12/5,140
2013/12/6,139
2013/12/9,138.75
2013/12/10,139.25
2013/12/11,138.25
2013/12/12,137.25
2013/12/13,135.25
2013/12/16,134.75
2013/12/17,133.25
2013/12/18,133.25
2013/12/19,133
2013/12/20,132.75
2013/12/23,131.25
2013/12/24,132
2013/12/26,132.25
2013/12/27,133.25
2013/12/30,134.75
2013/12/31,134.75
2014/1/2,134.5
2014/1/3,134
2014/1/6,133.75
2014/1/7,132.5
2014/1/8,132
2014/1/9,131.25
2014/1/10,131.25
2014/1/13,131
2014/1/14,130.75
2014/1/15,129.25
2014/1/16,128.25
2014/1/17,127.75
2014/1/20,126.25
2014/1/21,123
2014/1/22,122.75
2014/1/23,124.5
2014/1/24,124.75
2014/1/27,124.25
2014/1/28,123.5
2014/1/29,123
2014/1/30,123
2014/2/3,123
2014/2/4,123
2014/2/5,122.25
2014/2/6,121.25
2014/2/7,120.25
2014/2/10,120
2014/2/11,119.5
2014/2/12,121
2014/2/13,123
2014/2/14,123.5
2014/2/17,124.5
2014/2/18,124.5
2014/2/19,124.25
2014/2/20,122.25
2014/2/21,122
2014/2/24,119
2014/2/25,117.75
2014/2/26,117.5
2014/2/27,118.25
2014/2/28,118
2014/3/3,118
2014/3/4,117
2014/3/5,116
2014/3/6,115
2014/3/7,112
2014/3/10,105
2014/3/11,105.5
2014/3/12,108.75
2014/3/13,111.5
2014/3/14,110.25
2014/3/17,110.25
2014/3/18,110.75
2014/3/19,109.75
2014/3/20,110.5
2014/3/21,110.75
2014/3/24,110.25
2014/3/25,111.75
2014/3/26,111.75
2014/3/27,112.25
2014/3/28,113.25
2014/3/31,117.25
2014/4/1,116.75
2014/4/2,115.5
2014/4/3,115
2014/4/4,116
2014/4/7,116.5
2014/4/8,118.25
2014/4/9,119
2014/4/10,118
2014/4/11,116.25
2014/4/14,116.25
2014/4/15,115.75
2014/4/16,114.75
2014/4/17,116.25
2014/4/21,113.75
2014/4/22,112
2014/4/23,113.25
2014/4/24,113.5
2014/4/25,111
2014/4/28,108.25
2014/4/29,107.5
2014/4/30,105.5
2014/5/2,105.25
2014/5/5,106
2014/5/6,106
2014/5/7,105
2014/5/8,103
2014/5/9,102.75
2014/5/12,103.25
2014/5/14,104
2014/5/15,103.25
2014/5/16,99.75
2014/5/19,98.75
2014/5/20,98
2014/5/21,99
2014/5/22,100.75
2014/5/23,98.75
2014/5/26,99.5
2014/5/27,98.75
2014/5/28,97.25
2014/5/29,95.5
2014/5/30,91.5
2014/6/2,91.75
2014/6/3,92.5
2014/6/4,95
2014/6/5,94.25
2014/6/6,94.75
2014/6/9,93.75
2014/6/10,93.25
2014/6/11,93.25
2014/6/12,90.75
2014/6/13,90.75
2014/6/16,89
2014/6/17,89.5
2014/6/18,91
2014/6/19,91.25
2014/6/20,91.75
2014/6/23,93.5
2014/6/24,93.25
2014/6/25,93.75
2014/6/26,95.75
2014/6/27,94
2014/6/30,93.25
2014/7/1,94
2014/7/2,95.75
2014/7/3,96.5
2014/7/4,96
2014/7/7,95.25
2014/7/8,96
2014/7/9,96
2014/7/10,96.25
2014/7/11,97
2014/7/14,97.75
2014/7/15,98
2014/7/16,98.25
2014/7/17,96.25
2014/7/18,95.75
2014/7/21,95
2014/7/22,95
2014/7/23,94
2014/7/24,93
2014/7/25,94
2014/7/29,95.5
2014/7/30,95.5
2014/7/31,95.25
2014/8/1,93.5
2014/8/4,94.75
2014/8/5,95.5
2014/8/6,95.5
2014/8/7,95.5
2014/8/8,95
2014/8/11,95
2014/8/12,93.75
2014/8/13,93.5
2014/8/14,93.5
2014/8/15,93.75
2014/8/18,93.25
2014/8/19,92.75
2014/8/20,92.25
2014/8/21,91.75
2014/8/22,89.75
2014/8/25,89.25
2014/8/26,88.75
2014/8/27,88
2014/8/28,87.25
2014/8/29,88
2014/9/1,87
2014/9/2,87
2014/9/3,85.75
2014/9/4,83.75
2014/9/5,84
2014/9/8,83.75
2014/9/9,83.25
2014/9/10,83
2014/9/11,82.75
2014/9/12,83.5
2014/9/15,85.75
2014/9/16,84.75
2014/9/17,84.25
2014/9/18,82.75
2014/9/19,82
2014/9/22,80.5
2014/9/23,79.75
2014/9/24,79.75
2014/9/25,79.25
2014/9/26,79.25
2014/9/29,77.75
2014/9/30,77.75
2014/10/1,78.75
2014/10/2,79.5
2014/10/3,79.5
2014/10/7,80.5
2014/10/8,79.75
2014/10/9,79.25
2014/10/10,80.5
2014/10/13,83.75
2014/10/14,83.5
2014/10/15,82.25
2014/10/16,80.25
2014/10/17,81
2014/10/20,81.75
2014/10/21,82
2014/10/23,79.75
2014/10/24,80
2014/10/27,80
2014/10/28,79
2014/10/29,79
2014/10/30,79
2014/10/31,79
2014/11/3,78.5
2014/11/4,77.75
2014/11/5,76.25
2014/11/6,75.5
2014/11/7,76
2014/11/10,75.5
2014/11/11,76
2014/11/12,76
2014/11/13,75.75
2014/11/14,75.5
2014/11/17,75.25
2014/11/18,71.25
2014/11/19,70.25
2014/11/20,70.5
2014/11/21,69.75
2014/11/24,70.25
2014/11/25,69
2014/11/26,68.5
2014/11/27,69.25
2014/11/28,71.25
2014/12/1,71
2014/12/2,69.75
2014/12/3,69.5
2014/12/4,71.5
2014/12/5,71.25
2014/12/8,69.75
2014/12/9,69
2014/12/10,69.5
2014/12/11,69.5
2014/12/12,69.5
2014/12/15,69.25
2014/12/16,68.25
2014/12/17,68.25
2014/12/18,68.5
2014/12/19,69.5
2014/12/22,67.5
2014/12/23,66.25
2014/12/24,66.75
2014/12/26,67.5
2014/12/29,68
2014/12/30,71.75
2014/12/31,71.75
2015/1/2,71.75
2015/1/5,70.75
2015/1/6,71.75
2015/1/7,71.25
2015/1/8,71
2015/1/9,70.5
2015/1/12,68.75
2015/1/13,68.5
2015/1/14,67.75
2015/1/15,68.75
2015/1/16,68.25
2015/1/19,68
2015/1/20,67.25
2015/1/21,66
2015/1/22,67
2015/1/23,66.5
2015/1/26,63.75
2015/1/27,63.75
2015/1/28,63
2015/1/29,63.25
2015/1/30,62
2015/2/2,61.25
2015/2/3,63
2015/2/4,62
2015/2/5,61.75
2015/2/6,62.25
2015/2/9,61.75
2015/2/10,62.75
2015/2/11,62.75
2015/2/12,63.25
2015/2/13,64.25
2015/2/16,65.5
2015/2/17,64
2015/2/18,62.5
2015/2/23,62.5
2015/2/24,63.5
2015/2/25,63
2015/2/26,63.5
2015/2/27,62.75
2015/3/2,63
2015/3/3,63
2015/3/4,61.75
2015/3/5,59.75
2015/3/6,58.5
2015/3/9,58
2015/3/10,57.25
2015/3/11,57
2015/3/12,58.5
2015/3/13,58.5
2015/3/16,58.5
2015/3/17,57.75
2015/3/18,56.25
2015/3/19,55.5
2015/3/20,55
2015/3/23,55
2015/3/24,56
2015/3/25,55.25
2015/3/26,54
2015/3/27,53
2015/3/30,52
2015/3/31,51.25
2015/4/1,48
2015/4/2,47.5
2015/4/6,47.5
2015/4/7,47.75
2015/4/8,48.25
2015/4/9,48
2015/4/10,47.75
2015/4/13,49.75
2015/4/14,50.75
2015/4/15,50.75
2015/4/16,50.75
2015/4/17,51.5
2015/4/20,51.25
2015/4/21,51.25
2015/4/22,53.5
2015/4/23,54.75
2015/4/24,58.5
2015/4/27,59.75
2015/4/28,59.25
2015/4/29,57.5
2015/4/30,55.5
2015/5/4,57.75
2015/5/5,59.5
2015/5/6,61.25
2015/5/7,59.5
2015/5/8,61.5
2015/5/11,63
2015/5/12,62.5
2015/5/13,63
2015/5/14,62
2015/5/15,61.25
2015/5/18,59.75
2015/5/19,59.5
2015/5/20,58.5
2015/5/21,59
2015/5/22,61.25
2015/5/25,61.25
2015/5/26,63.5
2015/5/27,62.75
2015/5/28,61
2015/5/29,61.5
2015/6/2,62.75
2015/6/3,63.5
2015/6/4,64.75
2015/6/5,64.75
2015/6/8,64.25
2015/6/9,64.75
2015/6/10,65.75
2015/6/11,65.75
2015/6/12,65
2015/6/15,64
2015/6/16,62.5
2015/6/17,61
2015/6/18,61
2015/6/19,61
2015/6/22,60
2015/6/23,60.75
2015/6/24,62.25
2015/6/25,60.75
2015/6/26,60.5
2015/6/29,60.5
2015/6/30,59.5
2015/7/1,58.5
2015/7/2,56.25
2015/7/3,55
2015/7/6,51.25
2015/7/7,49.75
2015/7/8,44.5
2015/7/9,48.75
2015/7/10,48.75
2015/7/13,50
2015/7/14,50.75
2015/7/15,50
2015/7/16,50
2015/7/20,52.75
2015/7/21,52.5
2015/7/22,51
2015/7/23,51.25
2015/7/24,51.25
2015/7/27,52
2015/7/28,53.5
2015/7/29,56.75
2015/7/30,55.5
2015/7/31,55.25
2015/8/3,55.75
2015/8/4,55.75
2015/8/5,57.25
2015/8/6,56
2015/8/11,56
2015/8/12,56.25
2015/8/13,57
2015/8/14,56.5
2015/8/17,56.75
2015/8/18,56.75
2015/8/19,56.75
2015/8/20,56.25
2015/8/21,56.25
2015/8/24,54.25
2015/8/25,53.25
2015/8/26,53.5
2015/8/27,54.25
2015/8/28,56.25
2015/8/31,56.25
2015/9/1,56.25
2015/9/2,56.75
2015/9/3,56.75
2015/9/4,56.75
2015/9/7,57
2015/9/8,57.75
2015/9/9,58.25
2015/9/10,59.25
2015/9/14,58
2015/9/15,57
2015/9/16,57
2015/9/17,57.6
2015/9/18,57.7
2015/9/21,57.7
2015/9/22,57.65
2015/9/23,57.05
2015/9/25,56.85
2015/9/28,55.85
2015/9/29,55.85
2015/9/30,55.65
2015/10/1,55.15
2015/10/2,54.65
2015/10/5,54.9
2015/10/6,54.9
2015/10/7,54.8
2015/10/8,55.95
2015/10/9,56.4
2015/10/12,55.9
2015/10/13,54.9
2015/10/14,54.3
2015/10/15,53.55
2015/10/16,53.8
2015/10/19,53.1
2015/10/20,52.8
2015/10/21,52.3
2015/10/22,51.8
2015/10/23,51.75
2015/10/26,50.75
2015/10/27,51
2015/10/28,49.25
2015/10/29,49.65
2015/10/30,49.9
2015/11/2,48.6
2015/11/3,48.6
2015/11/4,48.4
2015/11/5,47.8
2015/11/6,47.8
2015/11/9,48.3
2015/11/11,48.3
2015/11/12,48.1
2015/11/13,48
2015/11/16,47.7
2015/11/17,46.8
2015/11/18,46.5
2015/11/19,45.3
2015/11/20,45.3
2015/11/23,44.75
2015/11/24,44
2015/11/25,44.2
2015/11/26,44.2
2015/11/27,44.05
2015/11/30,42.5
2015/12/1,40.5
2015/12/2,40.7
2015/12/3,40.5
2015/12/4,39.6
2015/12/7,39.5
2015/12/8,39.3
2015/12/9,39.2
2015/12/10,38.6
2015/12/11,38.6
2015/12/14,39.05
2015/12/15,38.5
2015/12/16,39.15
2015/12/17,39.35
2015/12/18,40.05
2015/12/21,40.55
2015/12/22,40.75
2015/12/23,40.3
2015/12/24,40.3
2015/12/28,41.45
2015/12/29,42.75
2015/12/30,43.05
2015/12/31,43.25
2016/1/4,42.7
2016/1/5,42.65
2016/1/6,42.25
2016/1/7,41.7
2016/1/8,41.5
2016/1/11,41.05
2016/1/12,39.85
2016/1/13,39.5
2016/1/14,39.25
2016/1/15,41
2016/1/18,42.65
2016/1/19,42.75
2016/1/20,41.3
2016/1/21,41.1
2016/1/22,41.6
2016/1/25,41.6
2016/1/26,41.5
2016/1/27,42.6
2016/1/28,42.6
2016/1/29,42.4
2016/2/1,43.35
2016/2/2,44
2016/2/3,44.75
2016/2/4,46
2016/2/5,45.5
2016/2/10,44.2
2016/2/11,44
2016/2/12,42.9
2016/2/15,46.3
2016/2/16,46.3
2016/2/17,46.5
2016/2/18,47.15
2016/2/19,48.2
2016/2/22,51.2
2016/2/23,50
2016/2/24,49.9
2016/2/25,49.55
2016/2/26,49.1
2016/2/29,49.3
2016/3/1,51.05
2016/3/2,52.6
2016/3/3,51.3
2016/3/4,53.5
2016/3/7,64.2
2016/3/8,62
2016/3/9,57.5
2016/3/10,57.35
2016/3/11,56.2
2016/3/14,55
2016/3/15,52.1
2016/3/16,53.2
2016/3/17,56
2016/3/18,57
2016/3/21,58.5
2016/3/22,58
2016/3/23,56.75
2016/3/24,55.5
2016/3/28,56.1
2016/3/29,54.25
2016/3/30,54.1
2016/3/31,54.1
2016/4/1,55.1
2016/4/4,55.1
2016/4/5,54.7
2016/4/6,54.65
2016/4/7,54.3
2016/4/8,53.6
2016/4/11,56.5
2016/4/12,59.5
2016/4/13,60
2016/4/14,58.75
2016/4/15,58.3
2016/4/18,60.55
2016/4/19,62.6
2016/4/20,65.35
2016/4/21,70.5
2016/4/22,65.85
2016/4/25,65.6
2016/4/26,61.65
2016/4/27,61
2016/4/28,63.5
2016/4/29,65.85
2016/5/3,63.85
2016/5/4,61.5
2016/5/5,60.2
2016/5/6,58.35
2016/5/9,54.85
2016/5/10,56.1
2016/5/11,56.25
2016/5/12,55.45
2016/5/13,53.45
2016/5/16,54.4
2016/5/17,57.45
2016/5/18,57
2016/5/19,55
2016/5/20,54.25
2016/5/23,52.1
2016/5/24,51.65
2016/5/25,50.5
2016/5/26,50
2016/5/27,51.8
2016/5/30,50.2
2016/5/31,49.9
2016/6/1,49.5
2016/6/2,49.3
2016/6/3,50.7
2016/6/6,51.7
2016/6/7,53.15
2016/6/8,52.5
2016/6/9,52.5
2016/6/10,52.5
2016/6/13,52.7
2016/6/14,50.95
2016/6/15,50.95
2016/6/16,51
2016/6/17,51.55
2016/6/20,51
2016/6/21,51
2016/6/22,52.9
2016/6/23,52.5
2016/6/24,52
2016/6/27,53.65
2016/6/28,53.65
2016/6/29,54.15
2016/6/30,55
2016/7/1,54.65
2016/7/4,56.25
2016/7/5,56.25
2016/7/7,55.3
2016/7/8,55.05
2016/7/11,56.4
2016/7/12,58.7
2016/7/13,59.8
2016/7/14,59.05
2016/7/15,58.95
2016/7/18,57.15
2016/7/19,56.2
2016/7/20,56.2
2016/7/21,57.5
2016/7/22,56.65
2016/7/25,56.8
2016/7/26,57.65
2016/7/27,59.2
2016/7/28,60.55
2016/7/29,60
2016/8/1,61
2016/8/2,61.25
2016/8/3,61
2016/8/4,59.7
2016/8/5,61.65
2016/8/8,62.5
2016/8/10,60.9
2016/8/11,59.95
2016/8/12,61.1
2016/8/15,60.5
2016/8/16,62.15
2016/8/17,61
2016/8/18,61.4
2016/8/19,61.65
2016/8/22,61.65
2016/8/23,62.5
2016/8/24,62.3
2016/8/25,60.95
2016/8/26,60.15
2016/8/29,60.05
2016/8/30,60
2016/8/31,59
2016/9/1,60.15
2016/9/2,60.15
2016/9/5,59.5
2016/9/6,59.9
2016/9/7,59.15
2016/9/8,58.45
2016/9/9,58.35
2016/9/13,56.5
2016/9/14,56.3
2016/9/15,56.3
2016/9/16,56.3
2016/9/19,55.95
2016/9/20,55.1
2016/9/21,55.6
2016/9/22,56.55
2016/9/23,56.5
2016/9/26,56.9
2016/9/27,55.85
2016/9/28,55.85
2016/9/29,55.9
2016/9/30,55.95
2016/10/3,55.35
2016/10/4,54.85
2016/10/5,54.85
2016/10/6,54.85
2016/10/7,54.85
2016/10/10,56.3
2016/10/11,56.95
2016/10/12,56.95
2016/10/13,57
2016/10/14,57.55
2016/10/17,58.6
2016/10/18,58.7
2016/10/19,58.7
2016/10/20,59.15
2016/10/21,59
2016/10/24,59.65
2016/10/25,62.45
2016/10/26,63.6
2016/10/27,63.1
2016/10/28,64.15
2016/10/31,64.7
2016/11/1,65.4
2016/11/2,65.4
2016/11/3,65.45
2016/11/4,65.55
2016/11/7,67.8
2016/11/8,68.65
2016/11/9,71.85
2016/11/10,74.65
2016/11/11,80.4
2016/11/14,79.35
2016/11/15,73.05
2016/11/16,72.8
2016/11/17,73.35
2016/11/18,72.7
2016/11/21,71.2
2016/11/22,75.35
2016/11/23,76.1
2016/11/24,77.5
2016/11/25,80.35
2016/11/28,81.65
2016/11/29,77.3
2016/11/30,73
2016/12/1,79.1
2016/12/2,77.3
2016/12/5,79
2016/12/6,78.9
2016/12/7,82.3
2016/12/8,81.15
2016/12/9,81.15
2016/12/12,83.95
2016/12/13,83.4
2016/12/14,81.8
2016/12/15,81.8
2016/12/16,80.8
2016/12/19,81.2
2016/12/20,79.45
2016/12/21,79.85
2016/12/22,77.95
2016/12/23,78.55
2016/12/28,79.3
2016/12/29,81.25
2016/12/30,80.75
2016/12/31,79.65
2017/1/3,78.35
2017/1/4,77.8
2017/1/5,77.95
2017/1/6,77.55
2017/1/9,78.05
2017/1/10,79.15
2017/1/11,80.75
2017/1/12,81.15
2017/1/13,80.45
2017/1/16,84
2017/1/17,82.05
2017/1/18,81.9
2017/1/19,80.65
2017/1/20,80.1
2017/1/23,81.4
2017/1/24,83.25
2017/1/25,83.45
2017/1/26,83.45
2017/2/3,80.75
2017/2/6,80.8
2017/2/7,82.75
2017/2/8,83.45
2017/2/9,84
2017/2/10,86.6
2017/2/13,93.05
2017/2/14,92
2017/2/15,91.85
2017/2/16,90.85
2017/2/17,90.85
2017/2/20,93.75
2017/2/21,95.05
2017/2/22,93.7
2017/2/23,92
2017/2/24,90.6
2017/2/27,93.65
2017/2/28,91.7
2017-02-29,91.55
2017/3/1,92.45
2017/3/2,91.45
2017/3/6,88.45
2017/3/7,87.9
2017/3/8,87.7
2017/3/9,87.4
2017/3/10,86.4
2017/3/13,88.6
2017/3/14,88.6
2017/3/15,91
2017/3/16,92.7
2017/3/17,92
2017/3/20,91.3
2017/3/21,87
2017/3/22,84.75
2017/3/23,85.9
2017/3/24,83.6
2017/3/27,80.95
2017/3/28,81.2
2017/3/29,82.25
2017/3/30,81.1
2017/3/31,79.25
2017/4/5,81.75
2017/4/6,78.35
2017/4/7,76.2
2017/4/10,74.15
2017/4/11,74.65
2017/4/12,69
2017/4/13,69
2017/4/17,64.25
2017/4/18,63.8
2017/4/19,65.15
2017/4/20,65.75
2017/4/21,67.9
2017/4/24,66.55
2017/4/25,66.3
2017/4/26,67.15
2017/4/27,67.15
2017/4/28,67.3
2017/5/3,69.15
2017/5/4,68.6
2017/5/5,63.4
2017/5/6,61.4
2017/5/9,60.95
2017/5/10,60.75
2017/5/12,60.95
2017/5/13,60.55
2017/5/16,61.25
2017/5/17,61.65
2017/5/18,62.45
2017/5/19,62.45
2017/5/20,63.05
2017/5/23,63.3
2017/5/24,62.05
2017/5/25,60.65
2017/5/26,59.05
2017/5/27,58
2017/6/1,57.4
2017/6/2,56.4
2017/6/3,57.4
2017/6/6,56.4
2017/6/7,56.45
2017/6/8,55.8
2017/6/9,56.1
2017/6/10,54.9
2017/6/13,55.25
2017/6/14,54
2017/6/15,54.55
2017/6/16,54.65
2017/6/17,55.6
2017/6/20,56
2017/6/21,56.8
2017/6/22,56.65
2017/6/23,56.75
2017/6/24,57.15
2017/6/28,60.1
2017/6/29,63
2017/6/30,64.3
2017/7/1,63
2017/7/4,64.95
2017/7/5,63.7
2017/7/6,63.5
2017/7/7,63.3
2017/7/8,64.35
2017/7/11,64.55
2017/7/12,66.1
2017/7/13,65.6
2017/7/14,65.75
2017/7/15,65.35
2017/7/18,67.45
2017/7/19,68.6
2017/7/20,70.25
2017/7/21,68.15
2017/7/22,67.95
2017/7/25,67.95
2017/7/26,70.2
2017/7/27,70.3
2017/7/28,69.65
2017/7/29,69.55
2017/8/1,74
2017/8/2,74
2017/8/3,72.95
2017/8/4,73.35
2017/8/5,74.6
2017/8/8,76.75
2017/8/10,75.25
2017/8/12,76.5
2017/8/13,75.05
2017/8/16,72.9
2017/8/17,72.15
2017/8/18,72.4
2017/8/19,75.2
2017/8/20,74.9
2017/8/23,77.75
2017/8/24,79.35
2017/8/25,75.3
2017/8/26,76.45
2017/8/27,76.85
2017/8/30,76.55
2017/8/31,75.95
2017/9/1,75.55
2017/9/2,77.1
2017/9/6,77.45
2017/9/7,77.9
2017/9/8,76.4
2017/9/9,74.75
2017/9/10,74.15
2017/9/13,74
2017/9/14,75.45
2017/9/15,76.25
2017/9/16,74
2017/9/17,71.7
2017/9/18,71.9
2017/9/19,68.65
2017/9/20,67.85
2017/9/21,63.15
2017/9/22,62.25
2017/9/25,62.25
2017/9/26,64.6
2017/9/27,62.9
2017/9/28,61.4
2017/9/29,61.35
2017/10/1,61.35
2017/10/2,61.35
2017/10/3,61.35
2017/10/4,61.5
2017/10/5,62.55
2017/10/8,61.3
2017/10/9,59.1
2017/10/10,58.55
2017/10/11,58.1
2017/10/12,62.95
2017/10/16,62.85
2017/10/17,62
2017/10/19,59.45
2017/10/20,60.65
2017/10/23,60.75
2017/10/24,62.75
2017/10/25,62.7
2017/10/26,62.3
2017/10/27,59.1
2017/10/30,59
2017/10/31,59.5
2017/11/1,59.35
2017/11/2,60.45
2017/11/3,60.05
2017/11/6,63.9
2017/11/7,63.5
2017/11/8,63.05
2017/11/9,62.5
2017/11/10,62.7
2017/11/13,63.15
2017/11/14,63.55
2017/11/15,61.8
2017/11/16,61.8
2017/11/17,62.75
2017/11/20,63.9
2017/11/21,63.9
2017/11/22,66.65
2017/11/23,67.7
2017/11/24,68.45
2017/11/27,68.8
2017/11/28,68.05
2017/11/29,68.8
2017/11/30,69.3
2017/12/1,70.45
2017/12/4,72.4
2017/12/5,72.15
2017/12/6,69
2017/12/7,67.6
2017/12/8,69.5
2017/12/11,70.35
2017/12/12,70.3
2017/12/13,71.05
2017/12/14,70.5
2017/12/15,71.45
2017/12/18,74.5
2017/12/19,73.95
2017/12/20,73.65
2017/12/21,72.55
2017/12/22,74.6
2017/12/27,73.45
2017/12/28,72.75
2017/12/29,73
2017/12/30,74.35
2018/1/2,75.2
2018/1/3,75.2
2018/1/4,76.4
2018/1/5,77.1
2018/1/8,78
2018/1/9,78.8
2018/1/10,78.5
2018/1/11,79.35
2018/1/12,78.3
2018/1/15,76.5
2018/1/16,75.6
2018/1/17,74.35
2018/1/18,74.85
2018/1/19,76.85
2018/1/22,75.9
2018/1/23,73.7
2018/1/24,74.25
2018/1/25,75.05
2018/1/26,74.6
2018/1/29,73.75
2018/1/30,73.5
2018/1/31,73.1
2018/2/1,72.7
2018/2/2,73.8
2018/2/5,75.95
2018/2/6,76
2018/2/7,77.5
2018/2/8,77.85
2018/2/9,76.55
2018/2/12,76.55
2018/2/13,77.85
2018/2/14,78.25
2018/2/15,78.25
2018/2/16,78.25
2018/2/19,78.25
2018/2/20,78.25
2018/2/21,78.25
2018/2/22,78.05
2018/2/23,79.2
2018/2/26,79.95
2018/2/27,79.55
2018/2/28,78.9
2018-02-29,79.6
2018/3/1,77.65
2018/3/5,75.65
2018/3/6,75
2018/3/7,75.2
2018/3/8,72
2018/3/9,70.25
2018/3/12,69
2018/3/13,69.95
2018/3/14,71.75
2018/3/15,71.5
2018/3/16,69.6
2018/3/19,67.35
2018/3/20,66.8
2018/3/21,67.9
2018/3/22,67.7
2018/3/23,64.05
2018/3/26,63.05
2018/3/27,63.45
2018/3/28,63.05
2018/3/29,63.1
2018/4/2,65.4
2018/4/3,63.8
2018/4/4,63
2018/4/5,63
2018/4/6,63
2018/4/9,64.05
2018/4/10,65.85
2018/4/11,64.2
2018/4/12,64.75
2018/4/13,65.25
2018/4/16,64.05
2018/4/17,64.45
2018/4/18,66.45
2018/4/19,68.3
2018/4/20,66.85
2018/4/23,67.55
2018/4/24,67.25
2018/4/25,66.25
2018/4/26,66.9
2018/4/27,64.95
2018/4/30,65.35
2018/5/2,66.8
2018/5/3,66.8
2018/5/4,66.1
2018/5/7,66.95
2018/5/8,67.25
2018/5/9,66.25
2018/5/10,66.5
2018/5/11,67.8
2018/5/14,68.25
2018/5/15,67.4
2018/5/16,67.65
2018/5/17,67.25
2018/5/18,66.7
2018/5/21,64.9
2018/5/22,64.5
2018/5/23,63.4
2018/5/24,65.15
2018/5/25,63.75
2018/5/28,63.25
2018/5/30,64
2018/5/31,64.3
2018/6/1,64.7
2018/6/4,63.85
2018/6/5,64.75
2018/6/6,65.2
2018/6/7,65.15
2018/6/8,65.1
2018/6/11,65.7
2018/6/12,65.95
2018/6/13,65.8
2018/6/14,66
2018/6/18,66
2018/6/19,64.25
2018/6/20,64.25
2018/6/21,63.85
2018/6/22,63.9
2018/6/25,64.6
2018/6/26,64.65
2018/6/27,63.8
2018/6/28,63.95
2018/6/29,64.45
2018/7/2,63.8
2018/7/3,63.75
2018/7/4,63.35
2018/7/5,62.5
2018/7/6,62.65
2018/7/9,63.25
2018/7/10,63.2
2018/7/11,62.7
2018/7/12,63.5
2018/7/13,63.5
2018/7/16,63
2018/7/17,63.7
2018/7/18,63.75
2018/7/19,64.7
2018/7/20,64.8
2018/7/23,65.2
2018/7/24,65.35
2018/7/25,65.8
2018/7/26,65.45
2018/7/27,67.35
2018/7/30,66.95
2018/7/31,67.55
2018/8/1,66.45
2018/8/2,66.45
2018/8/3,67.45
2018/8/6,68.95
2018/8/7,69.5
2018/8/8,69.4
2018/8/10,68.75
2018/8/13,68.75
2018/8/14,67.5
2018/8/15,67.05
2018/8/16,66.9
2018/8/17,67.5
2018/8/20,67.95
2018/8/21,66.6
2018/8/23,65.65
2018/8/24,66.4
2018/8/27,65.85
2018/8/28,65.85
2018/8/29,65.55
2018/8/30,66.75
2018/8/31,66.15
2018/9/3,66.2
2018/9/4,66.7
2018/9/5,67.05
2018/9/6,68.85
2018/9/7,68.85
2018/9/10,68.55
2018/9/11,68.35
2018/9/12,68.1
2018/9/13,69.25
2018/9/14,69.6
2018/9/17,69.5
2018/9/18,69.5
2018/9/19,69.8
2018/9/20,69.75
2018/9/21,69.2
2018/9/24,68.9
2018/9/25,68.8
2018/9/26,69
2018/9/27,69.2
2018/9/28,69.5
2018/10/1,69.5
2018/10/2,69.6
2018/10/3,69.6
2018/10/4,69.6
2018/10/5,69.6
2018/10/8,69.4
2018/10/9,70.55
2018/10/10,71.7
2018/10/11,71.05
2018/10/12,71.5
2018/10/15,71.25
2018/10/16,71.75
2018/10/17,74.25
2018/10/18,74.3
2018/10/19,73.45
2018/10/22,75
2018/10/23,74.8
2018/10/24,76.4
2018/10/25,76.5
2018/10/26,77
2018/10/29,76.8
2018/10/30,75.55
2018/10/31,75.55
2018/11/1,74.55
2018/11/2,74.1
2018/11/5,75.8
2018/11/7,74.5
2018/11/8,76.25
2018/11/9,77.25
2018/11/12,76.75
2018/11/13,75.2
2018/11/14,74.55
2018/11/15,74.15
2018/11/16,75.1
2018/11/19,75.45
2018/11/20,73.5
2018/11/21,73.4
2018/11/22,72.05
2018/11/23,68.9
2018/11/26,64.7
2018/11/27,64.75
2018/11/28,65.8
2018/11/29,65.65
2018/11/30,65.45
2018/12/3,66.15
2018/12/4,67.6
2018/12/5,67.55
2018/12/6,66.1
2018/12/7,66.95
2018/12/10,66.8
2018/12/11,66.95
2018/12/12,67.15
2018/12/13,68.2
2018/12/14,69.9
2018/12/17,70.55
2018/12/18,69.9
2018/12/19,70.4
2018/12/20,72.15
2018/12/21,72.3
2018/12/26,71.85
2018/12/27,72.4
2018/12/28,72.7
2019/1/2,72.35
2019/1/3,72.75
2019/1/4,73.45
2019/1/7,74.95
2019/1/8,74.95
2019/1/9,74.5
2019/1/10,74.65
2019/1/11,74.7
2019/1/14,74.8
2019/1/15,74.6
2019/1/16,75.2
2019/1/17,74.75
2019/1/18,75.95
2019/1/21,75.95
2019/1/22,74.6
2019/1/23,74.6
2019/1/24,75.4
2019/1/25,75.4
2019/1/28,78.7
2019/1/29,79.95
2019/1/30,85.05
2019/1/31,85.4
2019/2/1,87
2019/2/7,90.5
2019/2/8,94.2
2019/2/11,90.2
2019/2/12,87.45
2019/2/13,86.45
2019/2/14,87.8
2019/2/15,87.35
2019/2/18,88.8
2019/2/19,88.7
2019/2/20,87.3
2019/2/21,86.7
2019/2/22,86.7
2019/2/25,84.55
2019/2/26,83.55
2019/2/27,83.3
2019/2/28,84.8
2019-02-29,87.3
2019/3/4,86.8
2019/3/5,88
2019/3/6,85.6
2019/3/7,87.05
2019/3/8,84.85
2019/3/11,83
2019/3/12,85.05
2019/3/13,84.1
2019/3/14,87.1
2019/3/15,86.2
2019/3/18,87.8
2019/3/19,86.95
2019/3/20,84.05
2019/3/21,84.1
2019/3/22,86.8
2019/3/25,84.95
2019/3/26,84.8
2019/3/27,84.4
2019/3/28,83.85
2019/3/29,87.05
2019/4/1,87.9
2019/4/2,89.65
2019/4/3,93.1
2019/4/4,92.9
2019/4/5,92.9
2019/4/8,95.05
2019/4/9,93.4
2019/4/10,94.3
2019/4/11,95
2019/4/12,95.8
2019/4/15,95.8
2019/4/16,94.3
2019/4/17,92.5
2019/4/18,91.8
2019/4/22,93.6
2019/4/23,94.2
2019/4/24,92.55
2019/4/25,92.6
2019/4/26,92.8
2019/4/29,93.35
2019/4/30,94.55
2019/5/2,94.6
2019/5/3,94.65
2019/5/6,93.15
2019/5/7,95.7
2019/5/8,94.25
2019/5/9,95.15
2019/5/10,95.45
2019/5/13,94.4
2019/5/14,93.45
2019/5/15,94.95
2019/5/16,98
2019/5/17,100.4
2019/5/21,101
2019/5/22,103.6
2019/5/23,102.45
2019/5/24,103.65
2019/5/27,108
2019/5/28,106.1
2019/5/29,103.5
2019/5/30,101.7
2019/5/31,99.8
2019/6/3,97.95
2019/6/4,99.9
2019/6/6,98.36
2019/6/10,100.4
2019/6/11,105.9
2019/6/12,106.5
2019/6/13,110.2
2019/6/14,109.4
2019/6/17,108.2
2019/6/18,112
2019/6/19,114.25
2019/6/20,117.55
2019/6/21,116.4
2019/6/24,116.3
2019/6/25,113.75
2019/6/26,114.75
2019/6/27,116.35
2019/6/28,117.95
2019/7/1,121.2
2019/7/2,126.2
2019/7/3,126.35
2019/7/4,122.3
2019/7/5,114.25
2019/7/8,117.75
2019/7/9,122.6
2019/7/10,121.2
2019/7/11,119.25
2019/7/12,118.55
2019/7/15,121.4
2019/7/16,122.2
2019/7/17,120.75
2019/7/18,119.5
2019/7/19,121.85
2019/7/22,118.1
2019/7/23,118.1
2019/7/24,115.1
2019/7/25,117
2019/7/26,118.75
2019/7/29,118.45
2019/7/30,121.15
2019/7/31,118.35
2019/8/1,113.9
2019/8/2,108.45
2019/8/5,99.15
2019/8/6,97.9
2019/8/7,92.8
2019/8/8,94.8
2019/8/13,88.5
2019/8/14,90.35
2019/8/15,88.8
2019/8/16,89.55
2019/8/19,88.7
2019/8/20,88.45
2019/8/21,83
2019/8/22,85
2019/8/25,86
2019/8/26,83.1
2019/8/27,83.5
2019/8/28,81.45
2019/8/29,85.85
2019/9/2,91.15
2019/9/3,89.35
2019/9/4,91.05
2019/9/5,90.2
2019/9/6,88.1
2019/9/9,91.95
2019/9/10,93.2
2019/9/11,95.5
2019/9/12,98.85
2019/9/13,99.1
2019/9/16,97.75
2019/9/17,96.5
2019/9/18,96.1
2019/9/19,92
2019/9/20,91.6
2019/9/23,93.65
2019/9/24,89.6
2019/9/25,89.6
2019/9/26,91.2
2019/9/27,91.5
2019/9/30,93.2
2019/10/8,94.5
2019/10/9,90.7
2019/10/10,93.4
2019/10/11,92.65
2019/10/14,91.5
2019/10/15,92.05
2019/10/16,87.1
2019/10/17,85.95
2019/10/18,85.7
2019/10/21,85.05
2019/10/22,86
2019/10/23,86.95
2019/10/24,87.05
2019/10/25,87.65
2019/10/29,85.5
2019/10/30,85.1
2019/10/31,84
2019/11/1,85
2019/11/4,82.7
2019/11/5,82.7
2019/11/6,83.4
2019/11/7,82.5
2019/11/8,79.9
2019/11/11,78.45
2019/11/12,81
2019/11/13,81.15
2019/11/14,83.4
2019/11/15,84.75
2019/11/18,85.1
2019/11/19,85.85
2019/11/20,86.65
2019/11/21,86.85
2019/11/22,87.8
2019/11/25,90.45
2019/11/26,88.7
2019/11/27,87
2019/11/28,87.75
2019/11/29,87.25
2019/12/2,88.75
2019/12/3,88
2019/12/4,89
2019/12/5,88.7
2019/12/6,89.4
2019/12/9,94.35
2019/12/10,93.15
2019/12/11,94.35
2019/12/12,93.8
2019/12/13,94.45
2019/12/16,93.9
2019/12/17,93.1
2019/12/18,92.3
2019/12/19,93.2
2019/12/20,90.9
2019/12/23,90.9
2019/12/24,91.1
2019/12/26,90.85
2019/12/28,89.7
2019/12/29,90.5
2019/12/30,90.75
2019/12/31,91.95
2020/1/2,93.2
2020/1/3,93.9
2020/1/6,94
2020/1/7,94
2020/1/8,95.65
2020/1/9,93.4
2020/1/10,93.25
2020/1/13,94.5
2020/1/14,96.15
2020/1/15,95.3
2020/1/16,95.25
2020/1/17,95.75
2020/1/20,95.85
2020/1/21,95.6
2020/1/22,95.4
2020/1/23,92.05
2020/1/24,92.05
2020/1/28,84.7
2020/1/29,85.6
2020/1/30,83
2020/1/31,82.55
2020/2/3,79.8
2020/2/4,83.05
2020/2/5,80.55
2020/2/6,82.15
2020/2/7,82.65
2020/2/10,81.7
2020/2/11,85.55
2020/2/12,88
2020/2/13,88.2
2020/2/14,88.35
2020/2/17,90.1
2020/2/18,89.15
2020/2/19,89.15
2020/2/20,91.1
2020/2/21,91.8
2020/2/24,91.2
2020/2/25,90.1
2020/2/26,87.35
2020/2/27,85.4
2020/2/28,83.9
2020/3/2,88.85
2020/3/3,87.85
2020/3/4,90.95
2020/3/5,91.9
2020/3/6,89.5
2020/3/9,87.2
2020/3/10,91.4
2020/3/11,89.35
2020/3/12,90.1
2020/3/13,91
2020/3/16,90.05
2020/3/17,90.75
2020/3/18,90.75
2020/3/19,90.5
2020/3/20,86.55
2020/3/23,80.2
2020/3/24,84.3
2020/3/25,87.05
2020/3/26,85.95
2020/3/27,85.9
2020/3/30,82.55
2020/3/31,83.7
2020/4/1,82
2020/4/2,83.5
2020/4/3,82.65
2020/4/6,81.95
2020/4/7,83.3
2020/4/8,83.55
2020/4/12,85.2
2020/4/13,86.1
2020/4/14,85.85
2020/4/15,84.5
2020/4/16,85.45
2020/4/19,86.2
2020/4/20,83.6
2020/4/21,84.2
2020/4/22,83.7
2020/4/23,83.9
2020/4/27,83.4
2020/4/28,82.4
2020/4/29,82.6
2020/4/30,83.95
2020/5/2,84.2
2020/5/8,88.45
2020/5/11,87.85
2020/5/12,90.15
2020/5/13,91.15
2020/5/14,90.75
2020/5/15,93.25
2020/5/18,96.15
2020/5/19,97.95
2020/5/20,96.1
2020/5/21,97.95
2020/5/22,96.85
2020/5/26,94.6
2020/5/27,95.1
2020/5/28,96.4
2020/5/29,100.9
2020/6/1,100.5
2020/6/2,101.75
2020/6/3,100.8
2020/6/4,99.2
2020/6/5,100.95
2020/6/8,106.55
2020/6/9,105.15
2020/6/10,103.85
2020/6/11,103.95
2020/6/12,105.35
2020/6/15,103.45
2020/6/16,105.45
2020/6/17,103.6
2020/6/18,103
2020/6/19,103
2020/6/22,101.5
2020/6/23,102.5
2020/6/24,104.6
2020/6/27,99.7
2020/6/28,101.05
2020/6/29,100.75
2020/6/30,100.45
2020/7/1,101.2
2020/7/4,101.6
2020/7/5,103.45
2020/7/6,106.9
2020/7/7,107.05
2020/7/10,111.85
2020/7/11,112.4
2020/7/12,112.7
2020/7/13,110.35
2020/7/14,110.45
2020/7/17,109.5
2020/7/18,111.15
2020/7/19,110.4
2020/7/20,111.2
2020/7/21,109.55
2020/7/24,107.8
2020/7/25,108.05
2020/7/26,110.9
2020/7/27,111.45
2020/7/30,116.35
2020/7/31,118
2020/8/1,118.45
2020/8/2,121.4
2020/8/3,118.85
2020/8/7,121.45
2020/8/8,122.2
2020/8/10,120.75
2020/8/11,121.75
2020/8/14,121.9
2020/8/15,127.6
2020/8/16,128.8
2020/8/17,128.4
2020/8/18,126.55
2020/8/21,124.45
2020/8/22,121.5
2020/8/23,123.25
2020/8/24,121.2
2020/8/25,123.25
2020/8/28,124.35
2020/8/29,125.45
2020/8/30,128.05
2020/8/31,130.8
2020/9/1,128.7
2020/9/4,129.9
2020/9/5,129
2020/9/6,127.2
2020/9/7,126.3
2020/9/8,129.05
2020/9/12,130.5
2020/9/13,128.55
2020/9/14,124.3
2020/9/15,122.05
2020/9/16,125.2
2020/9/19,120
2020/9/20,117
2020/9/21,114.4
2020/9/22,115.9
2020/9/23,116.05
2020/9/26,117.05
2020/9/27,118.95
2020/9/28,123.15
2020/10/9,125.85
2020/10/12,123.85
2020/10/13,121.35
2020/10/14,119.75
2020/10/15,118.9
2020/10/16,119.05
2020/10/19,119.4
2020/10/20,119.5
2020/10/21,120.4
2020/10/22,119.75
2020/10/23,115.55
2020/10/26,115
2020/10/27,115.7
2020/10/28,116.95
2020/10/29,116.25
2020/10/30,117.95
2020/11/2,119.05
2020/11/3,117.7
2020/11/4,117.65
2020/11/5,117.45
2020/11/6,118.1
2020/11/9,121.8
2020/11/10,123.3
2020/11/11,124.9
2020/11/12,123.4
2020/11/13,122.65
2020/11/16,124
2020/11/17,126.15
2020/11/18,127.25
2020/11/19,128.3
2020/11/20,129.5
2020/11/23,126.8
2020/11/24,127.75
2020/11/25,128.15
2020/11/26,129.95
2020/11/27,130.95
2020/11/30,132.3
2020/12/1,133.05
2020/12/2,136.75
2020/12/3,137.8
2020/12/4,145.3
2020/12/7,147.55
2020/12/8,149.95
2020/12/9,150.75
2020/12/10,158.25
2020/12/11,160.7
2020/12/14,154.5
2020/12/15,155.75
2020/12/16,157.05
2020/12/17,158.7
2020/12/18,164.15
2020/12/21,176.9
2020/12/22,167
2020/12/23,163.05
2020/12/24,166.5
2020/12/28,164.25
2020/12/29,162.5
2020/12/30,158.9
2020/12/31,159.2
2021/1/4,164.5
2021/1/5,167.15
2021/1/6,167.95
2021/1/7,170.6
2021/1/8,171.75
2021/1/11,171.1
2021/1/12,171.35
2021/1/13,169
2021/1/14,171.45
2021/1/15,172.8
2021/1/18,173.6
2021/1/19,170.25
2021/1/20,168.9
2021/1/21,170.55
2021/1/22,168.6
2021/1/25,168.5
2021/1/26,164.65
2021/1/27,165.55
2021/1/28,156.2
2021/1/29,158.05
2021/2/1,156.05
2021/2/2,150.1
2021/2/3,152.05
2021/2/4,158.05
2021/2/5,155.9
2021/2/8,159.8
2021/2/9,163.45
2021/2/10,165.95
2021/2/17,168.95
2021/2/18,174.45
2021/2/19,172.2
2021/2/20,175.6
2021/2/21,172.75
2021/2/24,175.6
2021/2/25,172.75
2021/2/26,172.5
2021/2/27,174.3
2021/2/28,176.65
2021/3/2,174.35
2021/3/3,175.55
2021/3/4,177.45
2021/3/5,178.45
2021/3/6,174.65
2021/3/9,174.15
2021/3/10,163.6
2021/3/11,164.7
2021/3/12,171.05
2021/3/13,165.7
2021/3/16,163.65
2021/3/17,166.3
2021/3/18,165.85
2021/3/19,166
2021/3/20,160.2
2021/3/23,156.35
2021/3/24,160.5
2021/3/25,159.55
2021/3/26,160.2
2021/3/27,161.45
2021/3/30,167.7
2021/3/31,166.55
2021/4/1,164.75
2021/4/2,167
2021/4/5,167.7
2021/4/6,170.85
2021/4/7,172.9
2021/4/8,172.15
2021/4/9,172.35
2021/4/12,173
2021/4/13,172.35
2021/4/14,172.65
2021/4/15,177.3
2021/4/16,177.85
2021/4/19,181.2
2021/4/20,187.75
2021/4/21,185.75
2021/4/22,183.6
2021/4/23,185.1
2021/4/26,191.45
2021/4/27,193.85
2021/4/28,190.45
2021/4/29,190.45
2021/4/30,186.45
2021/5/4,186.45
2021/5/5,189.65
2021/5/6,192.7
2021/5/7,202.65
2021/5/8,212.75
2021/5/11,229.55
2021/5/12,228.9
2021/5/13,233.1
2021/5/15,209.35
2021/5/18,217
2021/5/19,223.75
2021/5/20,215.45
2021/5/21,210.85
2021/5/22,200.1
2021/5/25,188.25
2021/5/26,191.65
2021/5/28,187.65
2021/5/29,189.55
2021/5/30,198.75
2021/5/31,209.1
2021/6/1,209.45
2021/6/2,211.2
2021/6/5,208.35
2021/6/6,202.85
2021/6/7,210.4
2021/6/8,213.5
2021/6/9,217
2021/6/12,219.95
2021/6/13,222.3
2021/6/14,222.35
2021/6/15,213.65
2021/6/16,220.8
2021/6/19,217.3
2021/6/20,206.55
2021/6/21,212.7
2021/6/22,216.6
2021/6/23,214.9
2021/6/26,218.7
2021/6/27,220.05
2021/6/28,214.1
2021/6/29,218.4
2021/6/30,218.8
2021/7/3,217.3
2021/7/4,221.4
2021/7/5,222
2021/7/6,222.85
2021/7/7,218.2
2021/7/10,216.5
2021/7/11,218.45
2021/7/12,217.85
2021/7/13,217.85
2021/7/14,222.3
2021/7/18,221.1
2021/7/19,220.05
2021/7/22,213.6
2021/7/23,201.5
2021/7/24,201.9
2021/7/25,202.95
2021/7/26,200.45
2021/7/27,201.25
2021/7/29,195
2021/7/30,180.5
2021/8/2,183.4
2021/8/3,184.15
2021/8/4,183.15
2021/8/5,170.05
2021/8/8,171.2
2021/8/11,162.2
2021/8/12,166.2
2021/8/13,161.45
2021/8/14,160.85
2021/8/17,162.5
2021/8/18,159.5
2021/8/19,153.05
2021/8/20,130.2
2021/8/21,139.1
2021/8/24,136.5
2021/8/25,148.6
2021/8/26,149.45
2021/8/27,153.35
2021/8/30,159.05
2021/8/31,157.75
2021/9/1,152.6
2021/9/2,143.55
2021/9/3,139.7
2021/9/6,145.05
2021/9/7,131.5
2021/9/8,137.85
2021/9/9,133.05
2021/9/10,130.5
2021/9/13,128.75
2021/9/14,122.6
2021/9/15,120.35
2021/9/16,113.4
2021/9/17,106.5
2021/9/20,100.8
2021/9/21,94
2021/9/22,94
2021/9/23,107.55
2021/9/24,108.9
2021/9/25,110.15
2021/9/26,118.65
2021/9/27,112.35
2021/9/28,114.8
2021/10/7,117.8
2021/10/8,125.05
2021/10/11,136.95
2021/10/12,128.5
2021/10/13,123.6
2021/10/14,126
2021/10/15,125.45
2021/10/18,124.15
2021/10/19,123.5
2021/10/20,124.45
2021/10/21,117.5
2021/10/24,120.35
2021/10/25,119.75
2021/10/26,122.75
2021/10/27,119.65
2021/10/28,113.15
2021/10/31,106.75
2021/11/1,103.3
2021/11/2,96.45
2021/11/3,99.7
2021/11/6,92.75
2021/11/7,93.85
2021/11/8,92.45
2021/11/9,89.5
2021/11/12,94.2
2021/11/13,89.75
2021/11/14,89.15
2021/11/15,90.4
2021/11/16,89.95
2021/11/19,87.2
2021/11/20,91.3
2021/11/21,94.7
2021/11/22,99.45
2021/11/23,103.45
2021/11/26,100.1
2021/11/27,96.65
2021/11/28,99.95
2021/11/29,100.1
2021/11/30,101.4
2021/12/3,98.35
2021/12/4,98.5
2021/12/5,100.4
2021/12/6,108.55
2021/12/7,107
2021/12/10,106.7
2021/12/11,102.6
2021/12/12,110.2
2021/12/13,108.25
2021/12/14,109.7
2021/12/17,114.7
2021/12/18,118.25
2021/12/19,123.2
2021/12/20,123.8
2021/12/21,122.6
2021/12/24,123.75
2021/12/26,125.05
2021/12/28,117.7
2021/12/29,118.05
2021/12/30,117.25
2021/12/31,119
2022/1/3,119.5
2022/1/4,122.9
2022/1/5,125.35
2022/1/6,128.25
2022/1/9,127.3
2022/1/10,125.45
2022/1/11,128.6
2022/1/12,131.6
2022/1/13,127.95
2022/1/16,126.75
2022/1/17,124
2022/1/18,127.3
2022/1/19,130.2
2022/1/20,133.65
2022/1/23,137.4
2022/1/24,133.7
2022/1/25,137.85
2022/1/26,138.1
2022/1/27,138.75
2022/1/30,138.75
2022/1/31,147.9
2022/2/1,141.75
2022/2/2,145.95
2022/2/5,146.6
2022/2/6,149.4
2022/2/7,149.95
2022/2/8,146.75
2022/2/9,153.75
2022/2/12,150.15
2022/2/13,149.4
2022/2/14,136.2
2022/2/15,140.3
2022/2/16,130.65
2022/2/19,133.5
2022/2/20,139
2022/2/21,136.75
2022/2/22,138.05
2022/2/23,136.95
2022/2/26,133.45
2022/2/27,139.1
2022/2/28,144.45
2022-02-29,145
2022/3/1,153
2022/3/4,152.4
2022/3/5,162.75
2022/3/6,162.25
2022/3/7,157.55
2022/3/8,156.35
2022/3/11,154.5
2022/3/12,144.9
2022/3/13,135.55
2022/3/14,145.45
2022/3/15,146.9
2022/3/18,151.35
2022/3/19,147.9
2022/3/20,143.5
2022/3/21,146.45
2022/3/22,146.35
2022/3/25,150.8
2022/3/26,152.4
2022/3/27,152.95
2022/3/28,158.2
2022/3/29,158.3
2022/4/1,159.85
2022/4/2,160.8
2022/4/3,160.8
2022/4/4,160.2
2022/4/5,155.05
2022/4/8,154.65
2022/4/9,150.6
2022/4/10,154.85
2022/4/11,151.4
2022/4/12,152.8
2022/4/15,153.85
2022/4/16,149.85
2022/4/17,150.7
2022/4/18,150.05
2022/4/21,150.5
2022/4/22,135.75
2022/4/23,138.95
2022/4/24,140.45
2022/4/25,142
2022/4/28,142.35
2022/4/29,142.9
2022/4/30,145.8
2022/5/2,139
2022/5/8,131.35
2022/5/9,128.1
2022/5/10,133.5
2022/5/11,127.56
2022/5/14,127.35
2022/5/16,130.15
2022/5/17,126.6
2022/5/18,129.4
2022/5/21,136.25
2022/5/22,135.95
2022/5/23,130.5
2022/5/24,133.4
2022/5/27,131.25
2022/5/28,134.45
2022/5/29,136.6
2022/5/30,136.5
2022/5/31,136.55
2022/6/2,143.65
2022/6/3,143.65
2022/6/6,146.75
2022/6/7,147.25
2022/6/8,146.9
2022/6/9,143.85
2022/6/10,141.55
2022/6/13,136.6
2022/6/14,134.2
2022/6/15,130.85
2022/6/16,129.5
2022/6/19,122.15
2022/6/20,112.35
2022/6/21,115.9
2022/6/22,109.4
2022/6/23,116.05
2022/6/26,115
2022/6/27,119.6
2022/6/28,125
2022/6/29,123.2
2022/6/30,120.1
2022/7/3,116.45
2022/7/4,109.9
2022/7/5,114.3
2022/7/6,112.35
2022/7/7,114.85
2022/7/10,114.05
2022/7/12,105.8
2022/7/13,109.4
2022/7/14,100.25
2022/7/17,96.6
2022/7/18,100.9
2022/7/19,96.45
2022/7/20,97.55
2022/7/21,96.4
2022/7/24,100.35
2022/7/25,104
2022/7/26,111.7
2022/7/27,111.05
2022/7/28,117.95
2022/7/31,114
2022/8/1,112.9
2022/8/2,113.3
2022/8/3,108.1
2022/8/4,103.8
2022/8/7,106.95
2022/8/8,108.8
2022/8/11,108.4
2022/8/12,110.6
2022/8/13,108.85
2022/8/14,104.4
2022/8/15,104.05
2022/8/18,100.4
2022/8/19,100.6
2022/8/22,99.7
2022/8/23,100.65
2022/8/24,102.3
2022/8/25,102.5
2022/8/26,102.25
2022/8/29,105.8
2022/8/30,101.75
2022/8/31,97.6
2022/9/1,100.95
2022/9/2,95.6
2022/9/5,95
2022/9/6,98
2022/9/7,97.3
2022/9/8,96.9
2022/9/9,99.8
2022/9/12,103.65
2022/9/13,101.95
2022/9/14,104.25
2022/9/15,100.8
2022/9/16,101.05
2022/9/19,98.45
2022/9/20,97.7
2022/9/21,96.65
2022/9/22,96.4
2022/9/23,98.75
2022/9/24,99.6
2022/9/25,96.05
2022/9/26,97.6
2022/9/27,96.05
2022/9/28,97.6
2022/9/29,95.5
2022/9/30,95.85
2022/10/3,95.95
2022/10/4,95.3
2022/10/5,95.5
2022/10/6,95.7
2022/10/7,95.8
2022/10/8,95.8
2022/10/9,98.75
2022/10/10,97.05
2022/10/11,96.5
2022/10/12,94.2
2022/10/14,96.15
2022/10/15,93.75
2022/10/16,94.8
2022/10/17,93.75
2022/10/18,91.4
2022/10/21,93
2022/10/25,89.5
2022/10/26,87.8
2022/10/27,82.5
2022/10/30,81.85
2022/10/31,79.5
2022/11/1,80.15
2022/11/2,83.05
2022/11/3,83.75
2022/11/6,88.05
2022/11/7,87.95
2022/11/8,89.05
2022/11/9,89.55
2022/11/10,88.15
2022/11/13,92.25
2022/11/14,95.3
2022/11/15,95.7
2022/11/16,98.1
2022/11/17,98.35
2022/11/20,99.1
2022/11/21,96.25
2022/11/22,94.2
2022/11/23,95.2
2022/11/24,96.45
2022/11/27,99.65
2022/11/28,98.9
2022/11/29,101.25
2022/11/30,101.15
2022/12/1,103.1
2022/12/4,107.3
2022/12/5,109.6
2022/12/6,109.7
2022/12/7,107.45
2022/12/8,110.7
2022/12/11,112.4
2022/12/12,110.25
2022/12/13,110.3
2022/12/14,109.75
2022/12/15,113.15
2022/12/18,112.7
2022/12/19,109.2
2022/12/20,110.5
2022/12/21,114.25
2022/12/22,111.65
2022/12/26,112.5
2022/12/28,114.65
2022/12/29,114.75
2022/12/30,115.55
2022/12/31,117.35
2023/1/3,117.65
2023/1/4,117
2023/1/5,117.2
2023/1/7,119.8
2023/1/8,118.7
2023/1/9,122.15
2023/1/10,124
2023/1/11,123.65
2023/1/14,127
2023/1/15,120.75
2023/1/16,121.5
2023/1/17,122.7
2023/1/18,124.95
2023/1/21,126.65
2023/1/22,126.8
2023/1/23,127.4
2023/1/24,127.4
2023/1/29,129.8
2023/1/30,128.95
2023/1/31,126.7
2023/2/1,125.15
2023/2/4,126.25
2023/2/5,124.05
2023/2/6,121.7
2023/2/7,122.9
2023/2/8,125.5
2023/2/11,126.1
2023/2/12,121.85
2023/2/13,123.75
2023/2/14,123.6
2023/2/15,124.75
2023/2/18,127.3
2023/2/19,129.55
2023/2/20,131.85
2023/2/21,130.6
2023/2/24,130.2
2023/2/25,126.65
2023/2/26,122.5
2023/2/27,124.1
2023/2/28,126.8
2023/3/2,127.25
2023/3/3,127.45
2023/3/4,125.35
2023/3/5,128
2023/3/6,127.9
2023/3/9,129
2023/3/10,129.95
2023/3/11,132.35
2023/3/12,133
2023/3/13,133.1
2023/3/17,130.45
2023/3/18,132
2023/3/19,126.5
2023/3/20,124.7
2023/3/21,121.4
2023/3/22,120.3
2023/3/25,121.1
2023/3/26,121.65
2023/3/27,121.65
2023/3/28,123.7
2023/3/29,125.1
2023/4/1,128
2023/4/2,127.3
2023/4/3,122.4
2023/4/4,121.1
2023/4/5,120.45
2023/4/8,119.6
2023/4/10,119.65
2023/4/11,122
2023/4/12,120.75
2023/4/15,118.95
2023/4/16,118.9
2023/4/17,120
2023/4/18,120.45
2023/4/19,120.7
2023/4/22,118.2
2023/4/23,112.15
2023/4/24,106.8
2023/4/25,104.35
2023/4/26,107.65
2023/4/27,106.05
2023/4/30,106.5
2023/5/2,106.4
2023/5/3,106.2
2023/5/4,104.05
2023/5/7,103.65
2023/5/8,109.95
2023/5/9,106
2023/5/10,107.5
2023/5/11,102.85
2023/5/14,103.05
2023/5/15,108.4
2023/5/16,108.4
2023/5/17,111
2023/5/18,110.3
2023/5/21,108.4
2023/5/22,104.85
2023/5/23,102.4
2023/5/24,97.35
2023/5/25,98.1
2023/5/28,102.45
2023/5/29,104.45
2023/5/30,102.65
2023/5/31,103.2
2023/6/1,104.35
2023/6/4,109
2023/6/5,109.9
2023/6/6,111.1
2023/6/7,114.5
2023/6/8,116.25
2023/6/11,112.4
2023/6/12,112.9
2023/6/13,114.3
2023/6/14,115.4
2023/6/17,115.5
2023/6/18,115.15
2023/6/19,114.75
2023/6/20,112.4
2023/6/21,112.4
2023/6/24,112.15
2023/6/25,109.45
2023/6/26,113.95
2023/6/27,113.5
2023/6/30,111.6
2023/7/1,110.55
2023/7/2,110.5
2023/7/3,111.55
2023/7/4,111.85
2023/7/7,109.45
2023/7/8,105.4
2023/7/9,107.6
2023/7/10,110.55
2023/7/11,111.75
2023/7/14,115.8
2023/7/15,115.05
2023/7/16,115.85
2023/7/17,114
2023/7/18,116.25
2023/7/21,115.35
2023/7/22,114.5
2023/7/23,116.75
2023/7/24,116.45
2023/7/27,113.1
2023/7/28,109.4
2023/7/29,110.05
2023/7/30,109.55
2023/7/31,106.95
2023/8/1,103.75
2023/8/4,105.05
2023/8/5,104.1
2023/8/6,104.8
2023/8/8,103.35
2023/8/12,105.1
2023/8/13,103.45
2023/8/14,104.1
2023/8/15,104.45
2023/8/16,108.8
2023/8/19,109.35
2023/8/20,110.35
2023/8/21,113.3
2023/8/22,116.5
2023/8/23,114.5
2023/8/26,116.6
2023/8/27,113.95
2023/8/28,114.05
2023/8/29,116.45
2023/8/30,118.2
2023/9/2,118.5
2023/9/3,118.75
2023/9/4,119.5
2023/9/5,117.7
2023/9/8,116.8
2023/9/9,120.7
2023/9/10,122.6
2023/9/11,122.5
2023/9/12,123.95
2023/9/15,125.6
2023/9/16,124.45
2023/9/17,122.75
2023/9/18,124.65
2023/9/19,119.85
2023/9/22,123.6
2023/9/23,118.8
2023/9/24,117.4
2023/9/25,118.3
2023/9/26,119.7
2023/9/29,119.8
2023/9/30,119.9
2023/10/1,119.8
2023/10/2,119.7
2023/10/4,119.5
2023/10/5,119.45
2023/10/6,116.35
2023/10/7,114.05
2023/10/8,116.25
2023/10/12,118.2
2023/10/13,118.45
2023/10/14,120.15
2023/10/15,120.35
2023/10/16,118.35
2023/10/17,119.35
2023/10/20,115.25
2023/10/21,115.55
2023/10/22,118.55
2023/10/23,120
2023/10/24,119
2023/10/27,121.8
2023/10/28,122.9
2023/10/29,123.15
2023/10/30,125.35
2023/10/31,126.6
2023/11/3,126.8
2023/11/4,127.1
2023/11/5,126.1
2023/11/6,127.7
2023/11/7,128.15
2023/11/10,132.4
2023/11/11,130.4
2023/11/12,132
2023/11/13,132.4
2023/11/14,129.75
