MarketDate,ClosingPrice,SettlementPrice
2014-01-16,853.00,852.00
2014-01-17,846.00,845.00
2014-01-20,834.00,838.00
2014-01-21,820.00,820.00
2014-01-22,824.00,823.00
2014-01-23,847.00,833.00
2014-01-24,849.00,846.00
2014-01-27,838.00,838.00
2014-01-28,832.00,834.00
2014-01-29,837.00,834.00
2014-01-30,840.00,839.00
2014-02-07,828.00,833.00
2014-02-10,832.00,826.00
2014-02-11,824.00,827.00
2014-02-12,827.00,823.00
2014-02-13,829.00,828.00
2014-02-14,835.00,834.00
2014-02-17,848.00,840.00
2014-02-18,842.00,847.00
2014-02-19,847.00,844.00
2014-02-20,837.00,839.00
2014-02-21,836.00,836.00
2014-02-24,817.00,818.00
2014-02-25,808.00,810.00
2014-02-26,811.00,809.00
2014-02-27,815.00,812.00
2014-02-28,805.00,806.00
2014-03-03,797.00,797.00
2014-03-04,798.00,793.00
2014-03-05,798.00,793.00
2014-03-06,782.00,789.00
2014-03-07,760.00,768.00
2014-03-10,738.00,738.00
2014-03-11,744.00,733.00
2014-03-12,740.00,727.00
2014-03-13,749.00,736.00
2014-03-14,742.00,732.00
2014-03-17,732.00,735.00
2014-03-18,735.00,733.00
2014-03-19,734.00,735.00
2014-03-20,735.00,743.00
2014-03-21,735.00,735.00
2014-03-24,739.00,724.00
2014-03-25,752.00,747.00
2014-03-26,753.00,749.00
2014-03-27,752.00,754.00
2014-03-28,781.00,769.00
2014-03-31,787.00,784.00
2014-04-01,795.00,792.00
2014-04-02,779.00,781.00
2014-04-03,792.00,783.00
2014-04-04,796.00,792.00
2014-04-08,810.00,808.00
2014-04-09,805.00,810.00
2014-04-10,804.00,807.00
2014-04-11,800.00,799.00
2014-04-14,788.00,790.00
2014-04-15,796.00,787.00
2014-04-16,780.00,783.00
2014-04-17,779.00,780.00
2014-04-18,762.00,764.00
2014-04-21,761.00,763.00
2014-04-22,759.00,754.00
2014-04-23,766.00,757.00
2014-04-24,774.00,770.00
2014-04-25,772.00,773.00
2014-04-28,742.00,746.00
2014-04-29,752.00,749.00
2014-04-30,745.00,744.00
2014-05-05,752.00,745.00
2014-05-06,748.00,749.00
2014-05-07,730.00,739.00
2014-05-08,721.00,725.00
2014-05-09,721.00,721.00
2014-05-12,724.00,719.00
2014-05-13,724.00,727.00
2014-05-14,723.00,722.00
2014-05-15,719.00,722.00
2014-05-16,705.00,708.00
2014-05-19,694.00,696.00
2014-05-20,687.00,689.00
2014-05-21,698.00,695.00
2014-05-22,703.00,708.00
2014-05-23,697.00,701.00
2014-05-26,711.00,706.00
2014-05-27,714.00,710.00
2014-05-28,698.00,700.00
2014-05-29,697.00,695.00
2014-05-30,679.00,681.00
2014-06-03,684.00,679.00
2014-06-04,690.00,688.00
2014-06-05,689.00,687.00
2014-06-06,690.00,690.00
2014-06-09,691.00,690.00
2014-06-10,687.00,686.00
2014-06-11,681.00,683.00
2014-06-12,673.00,673.00
2014-06-13,669.00,670.00
2014-06-16,665.00,665.00
2014-06-17,675.00,671.00
2014-06-18,670.00,673.00
2014-06-19,670.00,671.00
2014-06-20,680.00,678.00
2014-06-23,689.00,689.00
2014-06-24,683.00,684.00
2014-06-25,688.00,688.00
2014-06-26,708.00,701.00
2014-06-27,701.00,706.00
2014-06-30,693.00,697.00
2014-07-01,699.00,696.00
2014-07-02,713.00,705.00
2014-07-03,710.00,713.00
2014-07-04,707.00,709.00
2014-07-07,701.00,699.00
2014-07-08,711.00,703.00
2014-07-09,693.00,701.00
2014-07-10,701.00,701.00
2014-07-11,706.00,702.00
2014-07-14,709.00,709.00
2014-07-15,712.00,713.00
2014-07-16,711.00,711.00
2014-07-17,702.00,706.00
2014-07-18,678.00,688.00
2014-07-21,676.00,675.00
2014-07-22,672.00,674.00
2014-07-23,671.00,669.00
2014-07-24,663.00,665.00
2014-07-25,669.00,668.00
2014-07-28,681.00,677.00
2014-07-29,684.00,685.00
2014-07-30,676.00,677.00
2014-07-31,680.00,678.00
2014-08-01,672.00,674.00
2014-08-04,685.00,676.00
2014-08-05,684.00,685.00
2014-08-06,679.00,681.00
2014-08-07,678.00,682.00
2014-08-08,675.00,673.00
2014-08-11,671.00,673.00
2014-08-12,667.00,666.00
2014-08-13,662.00,664.00
2014-08-14,653.00,656.00
2014-08-15,666.00,659.00
2014-08-18,650.00,656.00
2014-08-19,654.00,652.00
2014-08-20,646.00,651.00
2014-08-21,647.00,647.00
2014-08-22,643.00,646.00
2014-08-25,645.00,643.00
2014-08-26,648.00,646.00
2014-08-27,637.00,642.00
2014-08-28,626.00,627.00
2014-08-29,628.00,627.00
2014-09-01,620.00,621.00
2014-09-02,628.00,626.00
2014-09-03,605.00,613.00
2014-09-04,594.00,602.00
2014-09-05,585.00,589.00
2014-09-09,585.00,589.00
2014-09-10,590.00,585.00
2014-09-11,585.00,585.00
2014-09-12,591.00,589.00
2014-09-15,598.00,596.00
2014-09-16,598.00,597.00
2014-09-17,598.00,597.00
2014-09-18,592.00,593.00
2014-09-19,576.00,579.00
2014-09-22,556.00,560.00
2014-09-23,560.00,558.00
2014-09-24,562.00,562.00
2014-09-25,552.00,555.00
2014-09-26,562.00,559.00
2014-09-29,542.00,547.00
2014-09-30,551.00,548.00
2014-10-08,547.00,553.00
2014-10-09,563.00,555.00
2014-10-10,568.00,562.00
2014-10-13,584.00,581.00
2014-10-14,589.00,586.00
2014-10-15,580.00,583.00
2014-10-16,565.00,567.00
2014-10-17,568.00,567.00
2014-10-20,580.00,576.00
2014-10-21,575.00,579.00
2014-10-22,574.00,576.00
2014-10-23,571.00,568.00
2014-10-24,576.00,571.00
2014-10-27,569.00,570.00
2014-10-28,567.00,566.00
2014-10-29,566.00,567.00
2014-10-30,567.00,567.00
2014-10-31,564.00,564.00
2014-11-03,545.00,549.00
2014-11-04,548.00,540.00
2014-11-05,545.00,550.00
2014-11-06,533.00,537.00
2014-11-07,537.00,535.00
2014-11-10,539.00,535.00
2014-11-11,538.00,536.00
2014-11-12,536.00,535.00
2014-11-13,538.00,535.00
2014-11-14,540.00,539.00
2014-11-17,537.00,537.00
2014-11-18,520.00,521.00
2014-11-19,513.00,513.00
2014-11-20,514.00,513.00
2014-11-21,518.00,513.00
2014-11-24,515.00,518.00
2014-11-25,512.00,509.00
2014-11-26,502.00,500.00
2014-11-27,520.00,510.00
2014-11-28,521.00,518.00
2014-12-01,518.00,515.00
2014-12-02,515.00,517.00
2014-12-03,520.00,517.00
2014-12-04,529.00,528.00
2014-12-05,526.00,524.00
2014-12-08,519.00,525.00
2014-12-09,523.00,515.00
2014-12-10,520.00,517.00
2014-12-11,519.00,520.00
2014-12-12,528.00,524.00
2014-12-15,524.00,525.00
2014-12-16,519.00,518.00
2014-12-17,524.00,519.00
2014-12-18,522.00,522.00
2014-12-19,523.00,521.00
2014-12-22,519.00,519.00
2014-12-23,509.00,513.00
2014-12-24,510.00,508.00
2014-12-25,499.00,501.00
2014-12-26,499.00,496.00
2014-12-29,513.00,509.00
2014-12-30,529.00,526.00
2014-12-31,526.00,531.00
2015-01-05,520.00,519.00
2015-01-06,530.00,528.00
2015-01-07,527.00,526.00
2015-01-08,527.00,526.00
2015-01-09,524.00,525.00
2015-01-12,519.00,519.00
2015-01-13,505.00,505.00
2015-01-14,505.00,505.00
2015-01-15,505.00,505.00
2015-01-16,524.00,524.00
2015-01-19,483.00,480.00
2015-01-20,479.00,480.00
2015-01-21,464.00,474.00
2015-01-22,466.00,467.00
2015-01-23,460.00,462.00
2015-01-26,453.00,454.00
2015-01-27,452.00,453.00
2015-01-28,453.00,451.00
2015-01-29,456.00,455.00
2015-01-30,457.00,456.00
2015-02-02,456.00,455.00
2015-02-03,465.00,464.00
2015-02-04,462.00,465.00
2015-02-05,463.00,464.00
2015-02-06,467.00,465.00
2015-02-09,465.00,464.00
2015-02-10,468.00,466.00
2015-02-11,468.00,467.00
2015-02-12,466.00,465.00
2015-02-13,473.00,471.00
2015-02-16,480.00,475.00
2015-02-17,478.00,475.00
2015-02-25,465.00,468.00
2015-02-26,474.00,469.00
2015-02-27,472.00,473.00
2015-03-02,475.00,471.00
2015-03-03,475.00,474.00
2015-03-04,470.00,471.00
2015-03-05,454.00,455.00
2015-03-06,445.00,450.00
2015-03-09,451.00,449.00
2015-03-10,448.00,450.00
2015-03-11,450.00,447.00
2015-03-12,454.00,452.00
2015-03-13,452.00,456.00
2015-03-16,455.00,451.00
2015-03-17,451.00,453.00
2015-03-18,436.00,438.00
2015-03-19,436.00,437.00
2015-03-20,429.00,435.00
2015-03-23,435.00,431.00
2015-03-24,439.00,438.00
2015-03-25,430.00,435.00
2015-03-26,429.00,430.00
2015-03-27,419.00,418.00
2015-03-30,409.00,413.00
2015-03-31,401.00,403.00
2015-04-01,391.00,394.00
2015-04-02,379.00,381.00
2015-04-03,380.00,377.00
2015-04-07,386.00,384.00
2015-04-08,389.00,385.00
2015-04-09,378.00,381.00
2015-04-10,370.00,372.00
2015-04-13,386.00,379.00
2015-04-14,396.00,392.00
2015-04-15,388.00,393.00
2015-04-16,397.00,396.00
2015-04-17,396.00,397.00
2015-04-20,389.00,395.50
2015-04-21,388.50,386.00
2015-04-22,401.00,395.50
2015-04-23,401.00,403.00
2015-04-24,419.00,414.00
2015-04-27,434.50,428.00
2015-04-28,427.50,431.50
2015-04-29,414.50,423.00
2015-04-30,411.00,411.00
2015-05-04,421.00,418.00
2015-05-05,431.50,429.00
2015-05-06,442.00,438.50
2015-05-07,428.00,432.00
2015-05-08,431.50,429.00
2015-05-11,438.00,436.50
2015-05-12,431.50,434.50
2015-05-13,423.50,431.00
2015-05-14,417.50,418.00
2015-05-15,423.00,418.00
2015-05-18,420.00,421.50
2015-05-19,414.00,416.50
2015-05-20,407.50,409.00
2015-05-21,417.50,414.00
2015-05-22,417.00,414.00
2015-05-25,421.50,416.00
2015-05-26,427.50,428.50
2015-05-27,427.00,428.50
2015-05-28,424.00,426.50
2015-05-29,427.00,421.00
2015-06-01,434.50,432.00
2015-06-02,434.50,433.50
2015-06-03,428.50,433.50
2015-06-04,433.50,430.00
2015-06-05,426.00,428.50
2015-06-08,424.00,423.00
2015-06-09,422.50,425.50
2015-06-10,433.50,428.00
2015-06-11,436.50,432.00
2015-06-12,423.00,428.00
2015-06-15,425.00,425.50
2015-06-16,415.00,418.50
2015-06-17,405.00,408.50
2015-06-18,416.00,412.50
2015-06-19,415.00,415.00
2015-06-23,415.50,412.50
2015-06-24,425.50,422.00
2015-06-25,419.00,421.50
2015-06-26,416.00,416.00
2015-06-29,410.00,413.50
2015-06-30,397.00,399.50
2015-07-01,388.50,392.50
2015-07-02,395.00,389.00
2015-07-03,388.00,390.50
2015-07-06,375.00,379.00
2015-07-07,356.50,358.50
2015-07-08,330.00,334.00
2015-07-09,355.50,349.50
2015-07-10,353.00,357.50
2015-07-13,348.50,353.50
2015-07-14,354.00,354.50
2015-07-15,354.50,355.00
2015-07-16,351.00,350.00
2015-07-17,352.00,350.50
2015-07-20,364.50,358.50
2015-07-21,360.00,364.00
2015-07-22,349.50,354.50
2015-07-23,352.00,350.00
2015-07-24,348.50,349.50
2015-07-27,353.00,353.00
2015-07-28,359.50,355.00
2015-07-29,369.00,366.00
2015-07-30,364.00,369.50
2015-07-31,367.00,365.50
2015-08-03,363.00,369.00
2015-08-04,366.50,365.00
2015-08-05,377.00,372.00
2015-08-06,373.50,374.50
2015-08-07,371.50,371.00
2015-08-10,370.00,369.00
2015-08-11,373.00,376.00
2015-08-12,377.50,374.00
2015-08-13,387.50,384.50
2015-08-14,385.00,385.00
2015-08-17,381.00,384.50
2015-08-18,383.50,383.50
2015-08-19,377.50,375.50
2015-08-20,376.00,376.00
2015-08-21,379.50,377.50
2015-08-24,362.50,367.50
2015-08-25,360.50,361.00
2015-08-26,362.50,366.50
2015-08-27,373.00,367.50
2015-08-28,382.00,378.00
2015-08-31,389.00,385.50
2015-09-01,388.50,389.00
2015-09-02,391.00,389.00
2015-09-07,383.50,386.00
2015-09-08,388.50,383.00
2015-09-09,398.00,397.50
2015-09-10,410.00,404.50
2015-09-11,407.50,410.50
2015-09-14,401.50,405.50
2015-09-15,392.50,398.50
2015-09-16,397.00,394.50
2015-09-17,393.50,394.50
2015-09-18,388.00,391.50
2015-09-21,390.50,390.50
2015-09-22,383.50,385.00
2015-09-23,379.00,377.00
2015-09-24,378.00,377.50
2015-09-25,382.00,381.00
2015-09-28,368.00,373.50
2015-09-29,367.00,365.50
2015-09-30,366.00,366.50
2015-10-08,373.50,373.50
2015-10-09,391.00,383.50
2015-10-12,380.50,383.00
2015-10-13,376.50,375.50
2015-10-14,375.00,377.00
2015-10-15,374.50,375.00
2015-10-16,367.50,370.50
2015-10-19,370.50,370.00
2015-10-20,371.50,372.00
2015-10-21,365.00,367.50
2015-10-22,367.00,366.00
2015-10-23,370.00,366.00
2015-10-26,365.50,367.50
2015-10-27,366.50,365.00
2015-10-28,358.00,361.00
2015-10-29,358.00,357.00
2015-10-30,362.50,361.00
2015-11-02,359.00,361.00
2015-11-03,349.00,350.50
2015-11-04,351.00,349.00
2015-11-05,345.50,349.50
2015-11-06,347.50,345.50
2015-11-09,348.50,347.00
2015-11-10,348.00,348.00
2015-11-11,345.00,347.00
2015-11-12,347.00,346.00
2015-11-13,350.50,350.00
2015-11-16,348.50,351.00
2015-11-17,339.50,343.50
2015-11-18,337.50,337.00
2015-11-19,331.00,331.00
2015-11-20,333.50,333.50
2015-11-23,335.00,335.50
2015-11-24,339.00,336.00
2015-11-25,337.50,337.00
2015-11-26,332.00,337.00
2015-11-27,333.50,332.50
2015-11-30,328.50,329.00
2015-12-01,321.50,322.50
2015-12-02,312.50,314.00
2015-12-03,311.50,311.50
2015-12-04,305.50,307.00
2015-12-07,304.50,305.50
2015-12-08,301.00,302.50
2015-12-09,295.50,298.00
2015-12-10,289.50,291.00
2015-12-11,299.50,296.00
2015-12-14,304.00,300.50
2015-12-15,307.50,310.00
2015-12-16,307.00,306.00
2015-12-17,309.00,309.00
2015-12-18,318.00,313.50
2015-12-21,329.00,325.00
2015-12-22,337.50,334.50
2015-12-23,336.00,334.50
2015-12-24,347.50,344.50
2015-12-25,347.00,346.00
2015-12-28,348.50,347.00
2015-12-29,347.00,347.50
2015-12-30,356.00,354.00
2015-12-31,359.50,360.00
2016-01-04,365.00,369.50
2016-01-05,375.00,371.00
2016-01-06,363.00,365.50
2016-01-07,352.50,363.00
2016-01-08,350.00,354.00
2016-01-11,335.00,338.50
2016-01-12,318.50,322.50
2016-01-13,324.00,322.00
2016-01-14,318.00,322.00
2016-01-15,318.00,347.00
2016-01-18,294.50,290.50
2016-01-19,298.00,295.50
2016-01-20,291.00,294.00
2016-01-21,290.00,290.50
2016-01-22,292.50,294.00
2016-01-25,291.00,292.50
2016-01-26,295.00,292.00
2016-01-27,299.00,297.50
2016-01-28,295.50,298.00
2016-01-29,297.00,296.50
2016-02-01,300.00,301.00
2016-02-02,300.50,300.00
2016-02-03,303.50,301.50
2016-02-04,310.50,308.50
2016-02-05,307.50,307.00
2016-02-15,309.00,307.00
2016-02-16,308.50,309.50
2016-02-17,307.00,308.50
2016-02-18,312.50,311.50
2016-02-19,316.50,314.50
2016-02-22,330.00,324.50
2016-02-23,329.50,331.00
2016-02-24,331.50,330.50
2016-02-25,329.50,331.50
2016-02-26,325.50,326.00
2016-02-29,331.00,325.00
2016-03-01,340.00,337.00
2016-03-02,350.50,345.00
2016-03-03,348.00,352.50
2016-03-04,356.00,350.00
2016-03-07,367.50,360.50
2016-03-08,382.00,378.00
2016-03-09,362.00,361.00
2016-03-10,366.00,369.50
2016-03-11,364.00,363.50
2016-03-14,359.00,367.00
2016-03-15,347.50,353.00
2016-03-16,361.50,355.00
2016-03-17,375.00,369.50
2016-03-18,391.00,384.50
2016-03-21,398.00,399.00
2016-03-22,391.00,395.50
2016-03-23,388.00,390.50
2016-03-24,367.50,373.50
2016-03-25,370.00,366.50
2016-03-28,358.00,370.50
2016-03-29,360.00,358.00
2016-03-30,357.00,359.00
2016-03-31,358.00,357.00
2016-04-01,363.00,362.50
2016-04-05,360.00,355.50
2016-04-06,354.00,354.50
2016-04-07,356.50,356.50
2016-04-08,355.00,354.50
2016-04-11,365.00,363.50
2016-04-12,385.00,376.50
2016-04-13,390.00,393.00
2016-04-14,388.00,393.00
2016-04-15,380.50,386.00
2016-04-18,394.50,389.00
2016-04-19,404.00,399.50
2016-04-20,423.00,416.50
2016-04-21,441.00,433.00
2016-04-22,439.50,441.50
2016-04-25,436.00,443.50
2016-04-26,417.00,425.50
2016-04-27,401.50,407.50
2016-04-28,408.00,402.50
2016-04-29,426.50,419.50
2016-05-03,405.00,404.50
2016-05-04,398.50,399.50
2016-05-05,383.00,389.00
2016-05-06,386.50,382.00
2016-05-09,359.50,370.00
2016-05-10,357.00,357.00
2016-05-11,358.00,357.50
2016-05-12,347.00,355.50
2016-05-13,336.00,337.50
2016-05-16,340.00,340.00
2016-05-17,357.00,347.00
2016-05-18,346.00,352.00
2016-05-19,341.00,344.50
2016-05-20,348.00,345.50
2016-05-23,327.00,332.00
2016-05-24,326.00,324.00
2016-05-25,320.50,323.50
2016-05-26,324.00,321.00
2016-05-27,327.50,322.00
2016-05-30,324.50,321.00
2016-05-31,323.00,325.50
2016-06-01,325.00,323.00
2016-06-02,322.50,324.00
2016-06-03,326.50,326.50
2016-06-06,342.00,334.00
2016-06-07,343.00,343.00
2016-06-08,339.50,340.50
2016-06-13,345.50,344.50
2016-06-14,332.00,340.00
2016-06-15,333.50,334.00
2016-06-16,338.50,338.50
2016-06-17,344.50,339.50
2016-06-20,342.00,343.50
2016-06-21,345.50,345.50
2016-06-22,356.50,352.50
2016-06-23,357.00,357.50
2016-06-24,352.50,355.50
2016-06-27,376.50,368.50
2016-06-28,384.00,380.00
2016-06-29,386.50,385.00
2016-06-30,397.50,394.00
2016-07-01,391.50,391.50
2016-07-04,407.00,401.00
2016-07-05,409.50,404.50
2016-07-06,395.50,397.00
2016-07-07,393.00,396.00
2016-07-08,395.50,391.00
2016-07-11,395.50,393.50
2016-07-12,416.00,403.00
2016-07-13,414.50,417.00
2016-07-14,420.00,415.00
2016-07-15,417.50,415.00
2016-07-18,390.50,403.50
2016-07-19,386.50,388.00
2016-07-20,387.00,386.50
2016-07-21,405.00,395.00
2016-07-22,388.00,394.50
2016-07-25,397.00,394.00
2016-07-26,399.50,396.00
2016-07-27,418.50,410.00
2016-07-28,428.00,422.50
2016-07-29,417.00,423.00
2016-08-01,437.00,425.50
2016-08-02,439.00,437.00
2016-08-03,438.00,436.00
2016-08-04,425.50,428.00
2016-08-05,443.50,438.00
2016-08-08,452.00,447.50
2016-08-09,450.00,451.50
2016-08-10,442.00,444.50
2016-08-11,431.00,432.50
2016-08-12,432.00,430.50
2016-08-15,421.50,421.50
2016-08-16,438.00,431.00
2016-08-17,426.50,436.50
2016-08-18,437.00,432.00
2016-08-19,444.50,437.50
2016-08-22,443.50,445.00
2016-08-23,456.50,451.50
2016-08-24,456.00,455.50
2016-08-25,442.00,442.00
2016-08-26,431.00,436.00
2016-08-29,421.00,422.50
2016-08-30,418.00,420.00
2016-08-31,412.50,415.50
2016-09-01,417.50,414.00
2016-09-02,419.50,424.00
2016-09-05,418.50,423.50
2016-09-06,424.00,423.00
2016-09-07,407.50,415.50
2016-09-08,408.50,406.50
2016-09-09,408.50,406.00
2016-09-12,398.00,405.00
2016-09-13,393.50,395.00
2016-09-14,393.50,393.00
2016-09-19,393.50,390.00
2016-09-20,397.50,397.50
2016-09-21,399.00,398.00
2016-09-22,408.00,409.50
2016-09-23,413.50,411.00
2016-09-26,411.50,413.00
2016-09-27,406.00,406.00
2016-09-28,413.00,408.00
2016-09-29,413.50,418.00
2016-09-30,404.50,407.50
2016-10-10,412.50,404.50
2016-10-11,422.00,416.50
2016-10-12,428.00,423.50
2016-10-13,427.00,426.00
2016-10-14,438.50,432.00
2016-10-17,442.00,440.50
2016-10-18,437.50,435.50
2016-10-19,436.00,441.50
2016-10-20,443.50,442.00
2016-10-21,444.50,440.00
2016-10-24,454.00,445.00
2016-10-25,471.50,464.00
2016-10-26,474.00,475.00
2016-10-27,478.50,476.00
2016-10-28,494.00,486.00
2016-10-31,502.00,494.50
2016-11-01,502.00,500.50
2016-11-02,491.50,499.00
2016-11-03,500.50,494.50
2016-11-04,500.00,503.50
2016-11-07,520.00,509.00
2016-11-08,519.00,520.50
2016-11-09,551.50,539.50
2016-11-10,588.00,580.00
2016-11-11,614.50,602.50
2016-11-14,627.00,628.50
2016-11-15,591.00,617.00
2016-11-16,577.00,573.00
2016-11-17,577.00,563.50
2016-11-18,551.00,561.50
2016-11-21,552.50,548.00
2016-11-22,580.50,566.00
2016-11-23,616.50,607.50
2016-11-24,622.00,625.00
2016-11-25,653.50,638.50
2016-11-28,660.50,648.50
2016-11-29,625.50,649.50
2016-11-30,598.00,611.50
2016-12-01,646.00,621.00
2016-12-02,631.00,633.00
2016-12-05,649.50,635.00
2016-12-06,652.00,651.00
2016-12-07,690.00,675.00
2016-12-08,682.50,683.00
2016-12-09,668.50,664.50
2016-12-12,685.50,686.00
2016-12-13,693.00,685.00
2016-12-14,661.00,669.00
2016-12-15,669.50,665.00
2016-12-16,661.50,666.00
2016-12-19,653.50,658.00
2016-12-20,658.50,657.00
2016-12-21,663.50,659.50
2016-12-22,657.00,660.50
2016-12-23,667.00,669.50
2016-12-26,661.00,662.00
2016-12-27,660.00,655.50
2016-12-28,650.00,655.50
2016-12-29,644.00,646.00
2016-12-30,668.00,652.00
2017-01-03,655.00,665.00
2017-01-04,660.00,655.50
2017-01-05,660.00,658.50
2017-01-06,669.00,666.50
2017-01-09,667.00,667.00
2017-01-10,683.00,676.00
2017-01-11,657.00,670.50
2017-01-12,685.00,682.50
2017-01-13,700.00,700.00
2017-01-16,690.00,668.00
2017-01-17,557.00,566.50
2017-01-18,555.50,558.50
2017-01-19,554.00,550.50
2017-01-20,530.00,542.50
2017-01-23,526.50,530.00
2017-01-24,559.00,547.50
2017-01-25,556.00,553.50
2017-01-26,570.00,563.50
2017-02-03,527.00,540.00
2017-02-06,517.50,520.00
2017-02-07,531.50,523.50
2017-02-08,542.00,537.50
2017-02-09,542.50,544.50
2017-02-10,570.50,565.00
2017-02-13,610.00,595.00
2017-02-14,613.50,610.50
2017-02-15,600.00,603.00
2017-02-16,594.00,602.00
2017-02-17,603.50,601.50
2017-02-20,615.00,607.50
2017-02-21,631.50,627.50
2017-02-22,620.00,622.00
2017-02-23,608.00,615.00
2017-02-24,595.50,589.50
2017-02-27,607.50,606.00
2017-02-28,582.00,597.00
2017-03-01,586.00,584.00
2017-03-02,592.00,592.50
2017-03-03,583.00,573.50
2017-03-06,560.50,571.50
2017-03-07,560.50,561.00
2017-03-08,556.00,560.00
2017-03-09,549.00,546.50
2017-03-10,546.50,548.00
2017-03-13,557.00,542.00
2017-03-14,552.00,554.50
2017-03-15,598.00,580.00
2017-03-16,602.00,594.50
2017-03-17,586.50,587.00
2017-03-20,583.00,585.00
2017-03-21,554.00,563.50
2017-03-22,527.00,539.00
2017-03-23,528.50,532.50
2017-03-24,529.00,527.50
2017-03-27,498.00,505.00
2017-03-28,492.00,500.00
2017-03-29,518.50,509.00
2017-03-30,508.00,516.50
2017-03-31,505.50,506.50
2017-04-05,511.50,517.00
2017-04-06,512.00,515.00
2017-04-07,483.50,488.50
2017-04-10,477.00,480.50
2017-04-11,481.50,480.00
2017-04-12,471.50,472.00
2017-04-13,474.00,471.50
2017-04-14,476.00,478.50
2017-04-17,465.50,470.50
2017-04-18,446.00,455.00
2017-04-19,451.50,448.00
2017-04-20,460.00,450.00
2017-04-21,473.00,472.00
2017-04-24,474.00,469.00
2017-04-25,471.50,469.00
2017-04-26,472.50,477.50
2017-04-27,482.50,476.50
2017-04-28,497.50,488.50
2017-05-02,506.00,505.00
2017-05-03,498.00,500.50
2017-05-04,460.50,473.00
2017-05-05,443.00,448.00
2017-05-08,447.50,449.00
2017-05-09,446.00,444.00
2017-05-10,453.50,451.00
2017-05-11,445.50,441.00
2017-05-12,430.00,434.00
2017-05-15,435.50,433.00
2017-05-16,440.00,436.50
2017-05-17,455.50,452.00
2017-05-18,449.00,452.00
2017-05-19,465.50,452.50
2017-05-22,471.50,472.00
2017-05-23,459.00,468.00
2017-05-24,437.00,446.50
2017-05-25,431.50,439.50
2017-05-26,435.50,433.00
2017-05-31,411.50,422.50
2017-06-01,411.00,411.50
2017-06-02,415.00,414.50
2017-06-05,417.50,419.00
2017-06-06,416.50,415.50
2017-06-07,416.00,415.50
2017-06-08,411.00,415.00
2017-06-09,413.50,412.50
2017-06-12,423.00,419.50
2017-06-13,411.50,416.50
2017-06-14,424.00,414.50
2017-06-15,417.00,418.00
2017-06-16,421.00,423.00
2017-06-19,425.00,425.50
2017-06-20,425.50,427.00
2017-06-21,426.50,420.50
2017-06-22,421.00,426.00
2017-06-23,427.50,424.00
2017-06-26,426.50,425.00
2017-06-27,445.00,435.00
2017-06-28,446.50,445.00
2017-06-29,463.00,460.00
2017-06-30,462.00,459.50
2017-07-03,478.50,467.50
2017-07-04,454.00,467.50
2017-07-05,462.00,463.50
2017-07-06,464.00,458.50
2017-07-07,469.50,463.50
2017-07-10,464.50,467.00
2017-07-11,470.50,468.50
2017-07-12,467.00,472.00
2017-07-13,473.50,467.50
2017-07-14,465.50,462.50
2017-07-17,474.50,472.00
2017-07-18,489.00,486.50
2017-07-19,495.50,495.50
2017-07-20,482.50,487.50
2017-07-21,485.00,481.50
2017-07-24,484.00,480.00
2017-07-25,491.00,488.50
2017-07-26,497.00,500.00
2017-07-27,508.50,502.00
2017-07-28,510.50,512.00
2017-07-31,547.50,533.50
2017-08-01,546.50,548.50
2017-08-02,544.00,541.00
2017-08-03,543.50,543.00
2017-08-04,548.50,547.50
2017-08-07,564.00,563.50
2017-08-08,549.00,561.00
2017-08-09,566.50,558.50
2017-08-10,563.50,562.50
2017-08-11,536.00,551.50
2017-08-14,527.00,535.00
2017-08-15,530.00,525.50
2017-08-16,523.50,525.00
2017-08-17,554.50,544.50
2017-08-18,580.50,559.00
2017-08-21,596.00,581.50
2017-08-22,606.00,601.50
2017-08-23,578.50,582.00
2017-08-24,582.50,583.50
2017-08-25,585.50,589.00
2017-08-28,572.50,569.50
2017-08-29,554.00,563.00
2017-08-30,556.00,551.50
2017-08-31,573.00,559.00
2017-09-01,583.00,577.50
2017-09-04,565.50,582.50
2017-09-05,576.00,571.00
2017-09-06,550.00,567.00
2017-09-07,545.50,550.00
2017-09-08,534.50,545.50
2017-09-11,533.50,530.00
2017-09-12,548.00,536.00
2017-09-13,534.00,541.50
2017-09-14,510.00,524.00
2017-09-15,508.00,509.50
2017-09-18,511.50,505.00
2017-09-19,498.00,507.00
2017-09-20,492.50,495.50
2017-09-21,472.00,485.50
2017-09-22,466.50,469.00
2017-09-25,468.00,466.00
2017-09-26,464.50,468.00
2017-09-27,473.00,467.50
2017-09-28,451.00,459.00
2017-09-29,454.50,452.00
2017-10-09,442.50,449.00
2017-10-10,440.00,440.00
2017-10-11,436.00,440.00
2017-10-12,441.50,433.50
2017-10-13,455.50,446.00
2017-10-16,463.00,460.50
2017-10-17,453.00,456.50
2017-10-18,459.00,459.50
2017-10-19,444.00,445.00
2017-10-20,469.00,453.00
2017-10-23,458.50,459.00
2017-10-24,457.50,460.00
2017-10-25,455.00,458.00
2017-10-26,453.50,453.50
2017-10-27,428.00,439.50
2017-10-30,425.00,428.00
2017-10-31,428.00,426.00
2017-11-01,429.50,432.50
2017-11-02,442.00,437.00
2017-11-03,439.50,441.00
2017-11-06,468.00,454.50
2017-11-07,469.00,468.50
2017-11-08,466.00,466.00
2017-11-09,460.50,469.00
2017-11-10,462.50,460.00
2017-11-13,465.00,460.50
2017-11-14,464.50,465.50
2017-11-15,446.00,452.50
2017-11-16,458.00,453.50
2017-11-17,462.50,464.50
2017-11-20,470.00,465.50
2017-11-21,470.00,470.50
2017-11-22,474.50,472.50
2017-11-23,491.50,487.50
2017-11-24,495.50,491.00
2017-11-27,495.00,498.50
2017-11-28,495.00,494.00
2017-11-29,500.50,494.00
2017-11-30,511.50,507.00
2017-12-01,520.00,516.00
2017-12-04,546.00,536.00
2017-12-05,535.00,541.00
2017-12-06,515.50,527.50
2017-12-07,492.00,505.00
2017-12-08,501.00,492.50
2017-12-11,491.00,500.00
2017-12-12,494.50,496.00
2017-12-13,495.00,493.50
2017-12-14,489.00,490.50
2017-12-15,490.00,486.50
2017-12-18,515.50,507.50
2017-12-19,512.00,517.00
2017-12-20,512.00,511.00
2017-12-21,511.50,517.00
2017-12-22,518.00,516.50
2017-12-25,500.50,511.00
2017-12-26,495.00,493.50
2017-12-27,488.50,489.00
2017-12-28,487.50,488.50
2017-12-29,480.00,488.00
2018-01-02,492.00,488.50
2018-01-03,494.00,494.50
2018-01-04,483.50,487.50
2018-01-05,484.50,486.50
2018-01-08,485.50,483.50
2018-01-09,495.00,495.50
2018-01-10,490.00,496.50
2018-01-11,493.00,494.50
2018-01-12,492.00,495.00
2018-01-15,515.00,490.00
2018-01-16,537.00,545.50
2018-01-17,531.00,533.00
2018-01-18,533.50,533.00
2018-01-19,539.00,533.50
2018-01-22,539.00,538.50
2018-01-23,521.50,529.00
2018-01-24,524.00,523.00
2018-01-25,533.00,531.50
2018-01-26,523.50,525.50
2018-01-29,519.50,521.50
2018-01-30,522.50,521.50
2018-01-31,517.50,518.00
2018-02-01,512.00,515.00
2018-02-02,518.50,518.00
2018-02-05,527.50,522.00
2018-02-06,523.00,523.50
2018-02-07,525.00,524.00
2018-02-08,522.00,522.50
2018-02-09,518.00,521.50
2018-02-12,518.50,518.00
2018-02-13,521.00,519.50
2018-02-14,531.00,527.00
2018-02-22,530.00,529.00
2018-02-23,539.00,531.50
2018-02-26,540.00,540.00
2018-02-27,544.00,541.50
2018-02-28,541.50,542.00
2018-03-01,543.50,543.00
2018-03-02,537.50,537.50
2018-03-05,520.50,528.50
2018-03-06,523.00,521.50
2018-03-07,518.00,521.00
2018-03-08,504.50,510.50
2018-03-09,486.50,495.50
2018-03-12,480.50,485.00
2018-03-13,481.50,482.00
2018-03-14,492.00,487.50
2018-03-15,493.00,492.50
2018-03-16,487.00,488.00
2018-03-19,469.50,477.50
2018-03-20,463.50,464.50
2018-03-21,460.00,464.50
2018-03-22,462.50,461.00
2018-03-23,434.00,438.50
2018-03-26,439.00,437.00
2018-03-27,441.50,440.50
2018-03-28,441.50,438.50
2018-03-29,446.50,439.50
2018-03-30,452.50,449.00
2018-04-02,452.50,456.00
2018-04-03,448.50,450.50
2018-04-04,433.50,440.00
2018-04-09,439.50,434.50
2018-04-10,445.00,445.50
2018-04-11,442.50,448.00
2018-04-12,445.50,443.50
2018-04-13,448.00,445.50
2018-04-16,434.50,440.50
2018-04-17,436.00,435.00
2018-04-18,443.50,440.50
2018-04-19,466.50,457.00
2018-04-20,455.00,460.00
2018-04-23,468.50,465.00
2018-04-24,464.00,467.50
2018-04-25,462.50,464.50
2018-04-26,461.00,461.50
2018-04-27,456.00,459.00
2018-05-02,467.50,462.50
2018-05-03,467.00,470.00
2018-05-04,464.50,463.50
2018-05-07,464.00,462.50
2018-05-08,470.00,466.50
2018-05-09,463.50,465.50
2018-05-10,464.00,463.50
2018-05-11,476.50,471.00
2018-05-14,481.50,477.00
2018-05-15,477.50,479.50
2018-05-16,474.50,476.00
2018-05-17,474.50,473.50
2018-05-18,470.00,473.00
2018-05-21,458.00,461.50
2018-05-22,450.50,454.00
2018-05-23,450.00,449.00
2018-05-24,454.50,452.00
2018-05-25,448.00,452.00
2018-05-28,449.00,448.50
2018-05-29,458.50,454.00
2018-05-30,451.00,455.50
2018-05-31,456.00,456.00
2018-06-01,454.00,458.50
2018-06-04,452.00,454.00
2018-06-05,460.50,455.00
2018-06-06,464.50,463.50
2018-06-07,463.00,465.50
2018-06-08,461.50,461.00
2018-06-11,464.50,462.50
2018-06-12,468.00,464.00
2018-06-13,466.50,464.50
2018-06-14,469.00,467.50
2018-06-15,468.50,467.00
2018-06-19,448.50,451.00
2018-06-20,456.50,452.50
2018-06-21,458.50,459.00
2018-06-22,459.50,456.50
2018-06-25,462.50,464.00
2018-06-26,463.50,461.50
2018-06-27,462.50,464.00
2018-06-28,468.50,467.00
2018-06-29,474.50,472.00
2018-07-02,465.50,467.50
2018-07-03,467.00,467.50
2018-07-04,463.50,465.50
2018-07-05,459.00,458.50
2018-07-06,461.50,460.50
2018-07-09,465.00,460.00
2018-07-10,461.00,463.50
2018-07-11,461.50,457.50
2018-07-12,465.00,463.00
2018-07-13,462.50,464.00
2018-07-16,463.50,463.00
2018-07-17,462.50,462.00
2018-07-18,461.50,463.00
2018-07-19,463.00,466.00
2018-07-20,469.00,465.50
2018-07-23,474.00,472.50
2018-07-24,476.50,476.50
2018-07-25,477.50,477.50
2018-07-26,477.00,476.00
2018-07-27,491.50,487.50
2018-07-30,487.50,488.00
2018-07-31,488.50,488.00
2018-08-01,478.00,484.50
2018-08-02,478.50,476.00
2018-08-03,486.00,483.00
2018-08-06,506.50,504.00
2018-08-07,515.00,512.00
2018-08-08,509.00,511.50
2018-08-09,514.00,510.00
2018-08-10,506.50,512.00
2018-08-13,517.00,511.50
2018-08-14,506.50,510.50
2018-08-15,502.50,504.00
2018-08-16,493.50,496.50
2018-08-17,504.50,498.00
2018-08-20,506.50,504.50
2018-08-21,494.00,497.00
2018-08-22,485.00,493.50
2018-08-23,487.00,489.00
2018-08-24,490.50,489.50
2018-08-27,479.00,484.50
2018-08-28,482.00,482.00
2018-08-29,480.00,483.50
2018-08-30,484.50,481.00
2018-08-31,485.00,487.50
2018-09-03,484.50,483.00
2018-09-04,488.50,484.50
2018-09-05,487.00,486.50
2018-09-06,502.50,495.50
2018-09-07,498.00,501.00
2018-09-10,497.50,498.00
2018-09-11,492.50,495.50
2018-09-12,492.00,489.00
2018-09-13,503.50,498.50
2018-09-14,501.50,502.00
2018-09-17,500.00,501.50
2018-09-18,506.50,503.50
2018-09-19,504.50,509.00
2018-09-20,502.00,502.50
2018-09-21,501.00,502.00
2018-09-25,497.00,497.00
2018-09-26,500.00,502.00
2018-09-27,497.50,500.50
2018-09-28,495.50,493.00
2018-10-08,498.00,495.50
2018-10-09,509.00,507.00
2018-10-10,515.00,514.00
2018-10-11,511.50,512.00
2018-10-12,515.00,513.50
2018-10-15,509.00,513.00
2018-10-16,507.50,510.00
2018-10-17,523.50,514.00
2018-10-18,517.50,523.50
2018-10-19,515.00,516.00
2018-10-22,524.50,521.50
2018-10-23,519.50,522.50
2018-10-24,536.50,527.50
2018-10-25,533.00,532.00
2018-10-26,538.50,534.50
2018-10-29,538.00,540.50
2018-10-30,539.00,538.00
2018-10-31,533.50,533.00
2018-11-01,519.50,527.00
2018-11-02,508.50,511.00
2018-11-05,515.50,510.50
2018-11-06,510.00,514.00
2018-11-07,511.00,509.00
2018-11-08,520.00,515.00
2018-11-09,525.00,524.00
2018-11-12,520.00,520.00
2018-11-13,511.00,515.50
2018-11-14,512.00,509.00
2018-11-15,513.50,510.50
2018-11-16,521.00,519.00
2018-11-19,527.50,522.50
2018-11-20,516.50,520.00
2018-11-21,526.50,511.50
2018-11-22,518.50,521.00
2018-11-23,497.00,507.50
2018-11-26,477.50,483.50
2018-11-27,465.50,467.00
2018-11-28,471.50,470.00
2018-11-29,476.00,474.00
2018-11-30,482.00,479.00
2018-12-03,495.50,492.00
2018-12-04,503.00,500.00
2018-12-05,507.00,502.50
2018-12-06,507.00,506.50
2018-12-07,516.00,509.50
2018-12-10,513.50,513.50
2018-12-11,512.00,510.50
2018-12-12,508.50,509.00
2018-12-13,512.00,511.00
2018-12-14,514.50,513.50
2018-12-17,524.00,521.50
2018-12-18,526.50,525.00
2018-12-19,525.50,526.50
2018-12-20,536.50,531.00
2018-12-21,540.00,539.00
2018-12-24,534.00,533.00
2018-12-25,532.00,533.00
2018-12-26,538.50,534.00
2018-12-27,540.00,535.00
2018-12-28,547.00,540.50
2019-01-02,541.00,545.00
2019-01-03,541.50,541.00
2019-01-04,563.00,555.00
2019-01-07,566.50,561.50
2019-01-08,570.00,569.00
2019-01-09,570.00,570.50
2019-01-10,570.00,570.00
2019-01-11,579.00,573.50
2019-01-14,574.50,566.00
2019-01-15,550.00,551.00
2019-01-16,478.00,475.50
2019-01-17,481.00,479.00
2019-01-18,497.00,488.50
2019-01-21,497.00,500.00
2019-01-22,490.50,494.00
2019-01-23,492.00,491.50
2019-01-24,495.00,495.50
2019-01-25,495.50,496.00
2019-01-28,505.00,511.00
2019-01-29,514.50,510.00
2019-01-30,529.00,535.00
2019-01-31,526.50,523.00
2019-02-01,546.00,539.50
2019-02-11,571.00,578.50
2019-02-12,552.00,560.50
2019-02-13,543.50,545.00
2019-02-14,547.00,542.00
2019-02-15,544.50,544.50
2019-02-18,554.50,555.50
2019-02-19,566.00,564.00
2019-02-20,562.00,560.00
2019-02-21,558.00,559.00
2019-02-22,560.00,552.00
2019-02-25,547.00,554.50
2019-02-26,539.50,541.50
2019-02-27,534.50,538.50
2019-02-28,543.50,541.00
2019-03-01,558.00,549.50
2019-03-04,559.00,562.50
2019-03-05,552.50,552.00
2019-03-06,542.50,549.00
2019-03-07,556.50,549.50
2019-03-08,546.50,551.00
2019-03-11,533.00,537.00
2019-03-12,543.50,538.50
2019-03-13,536.00,541.00
2019-03-14,549.50,545.50
2019-03-15,546.50,544.00
2019-03-18,560.00,557.00
2019-03-19,561.00,566.00
2019-03-20,532.50,539.50
2019-03-21,529.50,529.00
2019-03-22,534.00,530.50
2019-03-25,530.00,532.00
2019-03-26,526.50,531.00
2019-03-27,531.50,531.00
2019-03-28,529.50,531.50
2019-03-29,553.00,541.50
2019-04-01,565.50,554.50
2019-04-02,571.00,566.00
2019-04-03,585.00,580.00
2019-04-04,580.00,582.00
2019-04-08,601.00,595.50
2019-04-09,597.50,602.00
2019-04-10,600.00,596.50
2019-04-11,604.50,599.50
2019-04-12,603.00,602.50
2019-04-15,601.50,602.50
2019-04-16,584.00,595.00
2019-04-17,574.00,578.00
2019-04-18,573.50,571.50
2019-04-19,573.00,571.00
2019-04-22,580.00,583.50
2019-04-23,582.00,582.00
2019-04-24,573.00,576.00
2019-04-25,570.50,574.00
2019-04-26,571.00,572.00
2019-04-29,585.50,579.50
2019-04-30,588.00,585.50
2019-05-06,583.50,580.50
2019-05-07,593.50,595.50
2019-05-08,585.50,588.00
2019-05-09,587.00,582.00
2019-05-10,596.50,589.50
2019-05-13,595.00,598.50
2019-05-14,582.00,590.50
2019-05-15,598.00,589.00
2019-05-16,618.00,610.50
2019-05-17,647.00,639.00
2019-05-20,652.50,648.00
2019-05-21,659.00,644.00
2019-05-22,667.00,661.00
2019-05-23,668.50,667.50
2019-05-24,671.50,667.00
2019-05-27,701.50,695.50
2019-05-28,696.00,700.50
2019-05-29,683.50,678.00
2019-05-30,674.50,677.00
2019-05-31,664.50,671.50
2019-06-03,646.50,652.00
2019-06-04,652.50,650.00
2019-06-05,653.00,651.50
2019-06-06,644.00,640.00
2019-06-10,654.00,646.00
2019-06-11,684.50,669.50
2019-06-12,684.00,691.00
2019-06-13,702.00,688.50
2019-06-14,702.50,707.50
2019-06-17,684.00,687.50
2019-06-18,695.50,681.00
2019-06-19,707.50,703.50
2019-06-20,720.00,705.00
2019-06-21,718.00,724.50
2019-06-24,733.00,719.50
2019-06-25,717.50,723.50
2019-06-26,715.50,710.50
2019-06-27,723.00,724.50
2019-06-28,741.00,733.00
2019-07-01,776.50,760.50
2019-07-02,789.50,784.00
2019-07-03,807.00,797.50
2019-07-04,772.50,784.50
2019-07-05,737.50,761.50
2019-07-08,759.00,746.00
2019-07-09,782.00,780.50
2019-07-10,777.00,775.50
2019-07-11,759.50,769.00
2019-07-12,762.00,765.00
2019-07-15,783.00,771.00
2019-07-16,800.50,804.50
2019-07-17,785.00,785.00
2019-07-18,771.50,781.50
2019-07-19,795.00,779.50
2019-07-22,757.00,771.50
2019-07-23,758.50,763.00
2019-07-24,735.50,738.00
2019-07-25,739.00,733.00
2019-07-26,764.00,745.00
2019-07-29,750.50,753.50
2019-07-30,771.50,764.00
2019-07-31,763.00,775.50
2019-08-01,747.50,756.50
2019-08-02,724.50,733.50
2019-08-05,689.50,709.00
2019-08-06,693.50,698.00
2019-08-07,660.50,678.50
2019-08-08,660.50,664.00
2019-08-09,639.00,645.50
2019-08-12,638.50,625.00
2019-08-13,627.50,627.00
2019-08-14,631.50,636.00
2019-08-15,618.00,626.00
2019-08-16,626.50,623.00
2019-08-19,617.00,622.50
2019-08-20,609.00,616.00
2019-08-21,589.50,593.50
2019-08-22,600.00,591.50
2019-08-23,613.00,604.00
2019-08-26,593.50,604.50
2019-08-27,586.00,593.00
2019-08-28,588.00,580.00
2019-08-29,580.00,584.00
2019-08-30,607.50,594.50
2019-09-02,630.00,618.00
2019-09-03,637.50,635.50
2019-09-04,644.50,639.50
2019-09-05,647.00,654.50
2019-09-06,629.00,644.00
2019-09-09,655.50,634.50
2019-09-10,655.50,651.00
2019-09-11,661.00,655.50
2019-09-12,680.00,667.50
2019-09-16,670.50,678.00
2019-09-17,665.50,665.50
2019-09-18,661.00,668.50
2019-09-19,637.50,647.00
2019-09-20,635.00,632.50
2019-09-23,647.50,638.00
2019-09-24,622.50,635.00
2019-09-25,624.50,623.50
2019-09-26,637.00,632.50
2019-09-27,642.50,639.50
2019-09-30,655.50,652.00
2019-10-08,657.00,657.50
2019-10-09,638.50,650.50
2019-10-10,657.50,646.00
2019-10-11,658.00,654.00
2019-10-14,638.50,651.50
2019-10-15,644.00,637.50
2019-10-16,617.00,629.00
2019-10-17,615.00,611.50
2019-10-18,616.00,609.00
2019-10-21,611.50,611.00
2019-10-22,616.00,613.00
2019-10-23,620.50,622.00
2019-10-24,628.00,621.50
2019-10-25,634.50,627.50
2019-10-28,627.00,633.00
2019-10-29,622.00,622.50
2019-10-30,622.50,616.50
2019-10-31,620.50,621.50
2019-11-01,625.50,622.50
2019-11-04,615.00,618.50
2019-11-05,622.00,617.00
2019-11-06,621.50,625.00
2019-11-07,611.00,617.50
2019-11-08,600.00,606.00
2019-11-11,591.50,592.50
2019-11-12,607.00,601.00
2019-11-13,607.50,608.00
2019-11-14,618.50,609.50
2019-11-15,628.50,627.00
2019-11-18,632.00,632.50
2019-11-19,636.50,631.50
2019-11-20,632.50,637.00
2019-11-21,641.50,636.50
2019-11-22,650.50,644.00
2019-11-25,665.50,657.00
2019-11-26,654.50,655.50
2019-11-27,641.50,645.00
2019-11-28,649.50,644.00
2019-11-29,646.00,645.50
2019-12-02,653.00,640.50
2019-12-03,651.50,650.50
2019-12-04,662.00,658.00
2019-12-05,654.50,658.50
2019-12-06,653.00,652.50
2019-12-09,686.50,673.50
2019-12-10,688.00,689.50
2019-12-11,696.00,691.00
2019-12-12,689.50,690.50
2019-12-13,685.50,684.50
2019-12-16,681.00,687.00
2019-12-17,674.00,678.50
2019-12-18,672.00,674.00
2019-12-19,684.00,677.00
2019-12-20,674.00,677.00
2019-12-23,680.00,678.50
2019-12-24,680.00,679.00
2019-12-25,677.00,678.50
2019-12-26,677.50,674.00
2019-12-27,680.00,679.50
2019-12-30,683.00,683.00
2019-12-31,718.00,695.00
2020-01-02,709.50,705.50
2020-01-03,715.00,711.00
2020-01-06,715.00,709.50
2020-01-07,723.00,717.50
2020-01-08,720.00,742.00
2020-01-09,720.00,729.50
2020-01-10,726.50,726.50
2020-01-13,725.00,722.50
2020-01-14,745.00,735.50
2020-01-15,740.00,715.50
2020-01-16,577.00,580.00
2020-01-17,585.00,583.50
2020-01-20,587.50,586.50
2020-01-21,588.50,586.50
2020-01-22,591.00,586.50
2020-01-23,576.50,582.50
2020-02-03,536.00,540.50
2020-02-04,550.00,542.50
2020-02-05,545.00,547.50
2020-02-06,560.00,554.00
2020-02-07,557.50,558.00
2020-02-10,555.00,555.50
2020-02-11,569.00,568.00
2020-02-12,576.00,574.00
2020-02-13,576.50,575.00
2020-02-14,579.00,576.50
2020-02-17,596.00,584.00
2020-02-18,593.50,595.00
2020-02-19,600.50,597.50
2020-02-20,615.50,607.50
2020-02-21,617.50,614.50
2020-02-24,613.00,613.50
2020-02-25,611.50,608.50
2020-02-26,595.50,602.00
2020-02-27,590.00,590.00
2020-02-28,574.00,575.50
2020-03-02,601.50,593.00
2020-03-03,597.00,603.00
2020-03-04,603.50,599.50
2020-03-05,603.50,605.00
2020-03-06,593.50,598.00
2020-03-09,582.00,578.00
2020-03-10,603.00,594.00
2020-03-11,590.50,599.00
2020-03-12,599.00,595.00
2020-03-13,602.50,588.00
2020-03-16,587.50,593.00
2020-03-17,587.50,586.00
2020-03-18,588.00,592.00
2020-03-19,579.50,567.50
2020-03-20,559.50,566.00
2020-03-23,532.50,537.50
2020-03-24,559.50,543.50
2020-03-25,571.00,566.50
2020-03-26,563.50,564.00
2020-03-27,559.00,563.00
2020-03-30,542.00,545.00
2020-03-31,544.00,542.50
2020-04-01,525.00,530.00
2020-04-02,545.00,527.00
2020-04-03,534.00,537.00
2020-04-07,538.50,534.50
2020-04-08,548.50,544.00
2020-04-09,558.00,555.50
2020-04-10,557.00,554.50
2020-04-13,553.50,554.50
2020-04-14,564.00,561.00
2020-04-15,564.00,566.00
2020-04-16,565.00,563.00
2020-04-17,572.50,573.00
2020-04-20,579.00,578.00
2020-04-21,563.50,567.00
2020-04-22,574.00,563.50
2020-04-23,568.00,573.00
2020-04-24,569.50,569.50
2020-04-27,564.00,567.00
2020-04-28,555.00,559.50
2020-04-29,555.50,555.50
2020-04-30,570.00,566.00
2020-05-06,569.00,569.50
2020-05-07,580.00,574.00
2020-05-08,586.50,586.50
2020-05-11,585.50,585.50
2020-05-12,588.00,585.50
2020-05-13,594.50,590.00
2020-05-14,600.00,598.00
2020-05-15,614.50,603.50
2020-05-18,627.50,625.00
2020-05-19,643.50,631.50
2020-05-20,641.00,644.00
2020-05-21,657.00,646.00
2020-05-22,643.00,653.00
2020-05-25,645.50,644.50
2020-05-26,631.00,636.00
2020-05-27,638.00,630.00
2020-05-28,643.50,639.50
2020-05-29,679.00,661.50
2020-06-01,677.00,682.50
2020-06-02,685.50,680.50
2020-06-03,683.00,682.50
2020-06-04,668.50,683.00
2020-06-05,677.00,674.00
2020-06-08,704.00,705.50
2020-06-09,695.00,696.00
2020-06-10,683.00,688.50
2020-06-11,682.00,686.00
2020-06-12,692.00,678.50
2020-06-15,685.00,691.00
2020-06-16,701.50,696.00
2020-06-17,691.00,695.50
2020-06-18,691.00,692.00
2020-06-19,694.00,694.50
2020-06-22,677.50,683.50
2020-06-23,683.00,681.50
2020-06-24,690.50,688.50
2020-06-29,661.50,672.50
2020-06-30,670.50,670.00
2020-07-01,671.50,670.00
2020-07-02,670.50,671.50
2020-07-03,675.50,673.50
2020-07-06,680.50,677.50
2020-07-07,693.50,692.50
2020-07-08,709.50,706.00
2020-07-09,712.00,712.50
2020-07-10,713.00,713.50
2020-07-13,741.50,732.50
2020-07-14,744.00,744.00
2020-07-15,745.00,740.00
2020-07-16,736.50,741.50
2020-07-17,742.50,736.00
2020-07-20,740.00,739.50
2020-07-21,758.50,754.00
2020-07-22,762.00,766.00
2020-07-23,765.00,765.00
2020-07-24,746.00,752.00
2020-07-27,730.50,737.00
2020-07-28,732.00,735.00
2020-07-29,752.00,742.00
2020-07-30,755.50,754.00
2020-07-31,764.00,753.50
2020-08-03,783.50,774.50
2020-08-04,801.00,797.00
2020-08-05,799.50,796.00
2020-08-06,825.00,819.50
2020-08-07,816.00,817.50
2020-08-10,822.50,815.00
2020-08-11,834.00,840.00
2020-08-12,832.50,819.50
2020-08-13,826.50,824.00
2020-08-14,839.00,831.50
2020-08-17,834.50,834.00
2020-08-18,863.00,849.50
2020-08-19,857.00,860.00
2020-08-20,848.00,852.50
2020-08-21,841.50,848.00
2020-08-24,832.50,838.00
2020-08-25,813.50,822.50
2020-08-26,828.50,818.00
2020-08-27,814.50,821.00
2020-08-28,832.50,822.50
2020-08-31,844.00,844.50
2020-09-01,846.50,845.50
2020-09-02,854.50,850.00
2020-09-03,857.50,862.50
2020-09-04,850.00,849.00
2020-09-07,851.50,858.00
2020-09-08,844.00,853.50
2020-09-09,824.50,841.00
2020-09-10,822.00,830.00
2020-09-11,837.00,828.50
2020-09-14,848.50,842.50
2020-09-15,827.50,839.00
2020-09-16,796.50,812.00
2020-09-17,790.00,790.50
2020-09-18,803.00,799.00
2020-09-21,776.00,788.50
2020-09-22,772.50,771.50
2020-09-23,766.50,764.50
2020-09-24,767.00,766.00
2020-09-25,764.50,763.00
2020-09-28,770.00,769.50
2020-09-29,780.50,770.50
2020-09-30,809.00,792.00
2020-10-09,830.00,822.00
2020-10-12,825.00,826.00
2020-10-13,813.00,818.00
2020-10-14,798.50,805.00
2020-10-15,787.50,790.50
2020-10-16,785.50,784.00
2020-10-19,781.00,786.50
2020-10-20,789.00,786.00
2020-10-21,797.00,790.00
2020-10-22,793.50,796.50
2020-10-23,771.50,786.50
2020-10-26,760.50,766.50
2020-10-27,768.00,767.00
2020-10-28,785.50,774.00
2020-10-29,779.50,778.00
2020-10-30,794.50,786.00
2020-11-02,801.00,797.00
2020-11-03,787.00,791.50
2020-11-04,786.50,792.00
2020-11-05,783.00,783.00
2020-11-06,789.50,789.00
2020-11-09,817.50,812.00
2020-11-10,825.50,830.00
2020-11-11,838.00,834.00
2020-11-12,835.50,839.50
2020-11-13,832.50,830.50
2020-11-16,841.00,833.00
2020-11-17,855.00,845.50
2020-11-18,858.50,855.50
2020-11-19,876.50,872.50
2020-11-20,887.50,878.00
2020-11-23,867.50,876.00
2020-11-24,876.00,875.00
2020-11-25,880.00,878.50
2020-11-26,897.00,888.50
2020-11-27,902.00,901.50
2020-11-30,911.50,906.00
2020-12-01,908.50,903.00
2020-12-02,934.00,921.50
2020-12-03,937.00,932.50
2020-12-04,972.00,952.50
2020-12-07,967.50,966.00
2020-12-08,957.00,962.00
2020-12-09,969.00,958.50
2020-12-10,1024.00,994.50
2020-12-11,1059.00,1067.50
2020-12-14,1044.50,1053.50
2020-12-15,1059.00,1050.50
2020-12-16,1053.00,1058.00
2020-12-17,1080.50,1064.50
2020-12-18,1132.50,1093.50
2020-12-21,1197.00,1151.50
2020-12-22,1120.50,1154.50
2020-12-23,1087.50,1093.00
2020-12-24,1102.50,1102.00
2020-12-25,1114.00,1100.00
2020-12-28,1085.50,1093.00
2020-12-29,1104.00,1112.50
2020-12-30,1071.00,1062.50
2020-12-31,1079.00,1079.00
2021-01-04,1097.50,1084.00
2021-01-05,1096.00,1102.00
2021-01-06,1088.50,1109.50
2021-01-07,1116.00,1104.00
2021-01-08,1144.00,1134.00
2021-01-11,1134.00,1139.00
2021-01-12,1140.00,1131.00
2021-01-13,1138.00,1142.00
2021-01-14,1149.00,1152.50
2021-01-15,1160.00,1119.50
2021-01-18,943.00,928.00
2021-01-19,920.00,927.00
2021-01-20,933.50,923.50
2021-01-21,930.00,923.00
2021-01-22,919.00,924.50
2021-01-25,917.50,910.00
2021-01-26,906.00,914.50
2021-01-27,911.00,908.50
2021-01-28,863.00,880.00
2021-01-29,864.50,861.50
2021-02-01,851.00,861.50
2021-02-02,802.00,829.50
2021-02-03,796.00,799.00
2021-02-04,822.00,802.50
2021-02-05,831.00,830.50
2021-02-08,846.00,839.00
2021-02-09,871.00,861.50
2021-02-10,876.50,867.50
2021-02-18,915.00,909.50
2021-02-19,930.00,922.00
2021-02-22,945.50,943.00
2021-02-23,928.50,935.50
2021-02-24,939.00,930.00
2021-02-25,936.00,941.00
2021-02-26,948.00,941.50
2021-03-01,945.00,943.50
2021-03-02,952.00,941.50
2021-03-03,961.00,958.00
2021-03-04,976.00,971.00
2021-03-05,945.00,959.00
2021-03-08,949.50,957.50
2021-03-09,862.50,906.00
2021-03-10,851.50,857.00
2021-03-11,893.50,870.50
2021-03-12,858.00,877.00
2021-03-15,831.50,833.00
2021-03-16,848.50,850.00
2021-03-17,846.00,842.00
2021-03-18,851.00,848.00
2021-03-19,805.00,828.50
2021-03-22,789.50,791.00
2021-03-23,803.00,798.00
2021-03-24,813.00,804.00
2021-03-25,832.50,824.50
2021-03-26,859.00,839.00
2021-03-29,900.50,878.50
2021-03-30,892.00,887.00
2021-03-31,857.50,876.00
2021-04-01,894.50,880.50
2021-04-02,904.50,902.00
2021-04-06,893.00,900.00
2021-04-07,915.50,909.00
2021-04-08,902.50,905.00
2021-04-09,898.00,906.50
2021-04-12,922.00,905.00
2021-04-13,926.50,922.50
2021-04-14,914.00,918.00
2021-04-15,944.50,933.00
2021-04-16,959.50,956.00
2021-04-19,973.00,977.00
2021-04-20,1007.50,996.50
2021-04-21,1009.50,1006.00
2021-04-22,1002.00,1004.00
2021-04-23,1013.00,1006.50
2021-04-26,1053.00,1047.50
2021-04-27,1074.50,1065.00
2021-04-28,1049.00,1048.50
2021-04-29,1040.00,1045.50
2021-04-30,1005.50,1026.00
2021-05-06,1094.00,1069.50
2021-05-07,1142.00,1118.50
2021-05-10,1230.00,1200.00
2021-05-11,1213.00,1207.00
2021-05-12,1241.00,1220.50
2021-05-13,1106.00,1155.50
2021-05-14,1065.00,1081.00
2021-05-17,1089.00,1082.00
2021-05-18,1124.00,1116.00
2021-05-19,1074.00,1093.50
2021-05-20,1033.50,1026.00
2021-05-21,992.00,1018.00
2021-05-24,961.50,956.00
2021-05-25,954.50,958.00
2021-05-26,899.00,934.50
2021-05-27,945.50,922.50
2021-05-28,963.00,951.50
2021-05-31,1005.50,990.50
2021-06-01,1063.50,1034.00
2021-06-02,1063.50,1068.00
2021-06-03,1091.50,1087.00
2021-06-04,1065.50,1068.00
2021-06-07,1018.50,1059.50
2021-06-08,1032.00,1018.00
2021-06-09,1060.00,1053.50
2021-06-10,1061.00,1062.00
2021-06-11,1123.00,1095.50
2021-06-15,1106.00,1097.50
2021-06-16,1079.50,1092.00
2021-06-17,1102.00,1087.00
2021-06-18,1075.00,1102.00
2021-06-21,998.00,1044.00
2021-06-22,1011.00,1000.50
2021-06-23,1043.50,1026.00
2021-06-24,1026.50,1036.00
2021-06-25,1046.00,1033.50
2021-06-28,1061.00,1046.50
2021-06-29,1018.50,1042.50
2021-06-30,1029.50,1018.00
2021-07-01,1024.50,1034.00
2021-07-02,1039.00,1020.50
2021-07-05,1075.00,1053.50
2021-07-06,1082.50,1081.50
2021-07-07,1104.00,1081.00
2021-07-08,1061.50,1077.50
2021-07-09,1039.00,1048.50
2021-07-12,1059.00,1055.50
2021-07-13,1088.50,1075.00
2021-07-14,1086.00,1082.00
2021-07-15,1108.00,1092.50
2021-07-16,1132.50,1127.50
2021-07-19,1114.50,1123.00
2021-07-20,1114.00,1106.00
2021-07-21,1065.00,1088.50
2021-07-22,1031.50,1040.00
2021-07-23,1024.00,1024.00
2021-07-26,1020.50,1031.00
2021-07-27,992.50,1015.50
2021-07-28,1007.50,1005.50
2021-07-29,980.50,984.50
2021-07-30,922.00,940.00
2021-08-02,949.50,942.00
2021-08-03,946.00,947.50
2021-08-04,941.00,932.50
2021-08-05,888.50,906.50
2021-08-06,895.00,892.00
2021-08-09,852.50,864.50
2021-08-10,853.00,840.50
2021-08-11,871.50,856.50
2021-08-12,838.00,849.50
2021-08-13,841.50,831.50
2021-08-16,850.50,847.50
2021-08-17,834.00,844.50
2021-08-18,813.00,821.50
2021-08-19,762.50,775.50
2021-08-20,777.50,765.00
2021-08-23,757.00,770.00
2021-08-24,817.50,787.50
2021-08-25,802.50,810.00
2021-08-26,816.00,828.50
2021-08-27,840.00,829.50
2021-08-30,835.00,850.50
2021-08-31,808.00,829.50
2021-09-01,765.00,778.00
2021-09-02,773.50,775.00
2021-09-03,786.00,774.50
2021-09-06,723.00,755.00
2021-09-07,763.00,746.50
2021-09-08,747.00,750.50
2021-09-09,730.00,734.50
2021-09-10,732.50,731.50
2021-09-13,706.00,721.50
2021-09-14,711.00,713.50
2021-09-15,692.50,698.00
2021-09-16,670.50,676.00
2021-09-17,629.00,644.50
2021-09-22,668.50,642.00
2021-09-23,667.00,668.00
2021-09-24,684.50,679.00
2021-09-27,703.00,698.50
2021-09-28,678.00,679.50
2021-09-29,694.00,684.50
2021-09-30,721.50,727.00
2021-10-08,762.50,749.00
2021-10-11,797.50,771.00
2021-10-12,769.50,777.00
2021-10-13,731.00,758.00
2021-10-14,736.00,730.50
2021-10-15,723.50,727.50
2021-10-18,711.00,706.50
2021-10-19,707.00,706.50
2021-10-20,710.00,712.50
2021-10-21,650.50,700.00
2021-10-22,689.50,677.00
2021-10-25,688.50,693.50
2021-10-26,714.50,700.00
2021-10-27,707.00,700.00
2021-10-28,683.50,675.00
2021-10-29,637.50,656.00
2021-11-01,618.50,628.00
2021-11-02,565.50,592.00
2021-11-03,589.50,580.50
2021-11-04,582.50,579.00
2021-11-05,560.50,562.50
2021-11-08,570.50,566.50
2021-11-09,561.00,562.50
2021-11-10,536.50,534.00
2021-11-11,570.50,555.50
2021-11-12,546.50,553.00
2021-11-15,539.00,546.50
2021-11-16,540.50,544.00
2021-11-17,538.50,539.00
2021-11-18,511.50,523.00
2021-11-19,536.00,525.50
2021-11-22,558.00,544.50
2021-11-23,587.00,582.50
2021-11-24,616.50,600.50
2021-11-25,611.50,616.50
2021-11-26,575.50,586.50
2021-11-29,614.50,595.00
2021-11-30,609.50,614.00
2021-12-01,624.00,622.50
2021-12-02,601.00,616.00
2021-12-03,597.00,594.00
2021-12-06,591.50,595.00
2021-12-07,643.00,630.50
2021-12-08,646.00,652.50
2021-12-09,639.00,637.00
2021-12-10,635.00,636.00
2021-12-13,677.50,661.50
2021-12-14,660.50,673.00
2021-12-15,666.50,668.50
2021-12-16,679.00,677.50
2021-12-17,681.50,686.50
2021-12-20,673.50,681.50
2021-12-21,690.00,687.50
2021-12-22,689.50,689.00
2021-12-23,687.00,682.00
2021-12-24,708.00,699.50
2021-12-27,686.50,695.50
2021-12-28,679.50,684.50
2021-12-29,674.00,675.00
2021-12-30,681.00,686.00
2021-12-31,633.00,684.00
2022-01-04,694.00,680.50
2022-01-05,691.00,690.50
2022-01-06,702.50,696.50
2022-01-07,705.50,700.00
2022-01-10,700.00,701.50
2022-01-11,700.00,700.00
2022-01-12,735.50,735.00
2022-01-13,735.00,738.00
2022-01-14,736.00,721.50
2022-01-17,695.00,696.00
2022-01-18,666.00,661.50
2022-01-19,690.50,685.00
2022-01-20,694.50,693.00
2022-01-21,705.00,705.50
2022-01-24,697.50,711.00
2022-01-25,715.00,704.50
2022-01-26,719.00,715.00
2022-01-27,719.00,718.50
2022-01-28,757.00,738.50
2022-02-07,752.00,752.50
2022-02-08,760.00,762.50
2022-02-09,727.00,739.00
2022-02-10,758.50,739.50
2022-02-11,740.00,765.50
2022-02-14,723.00,719.50
2022-02-15,651.50,676.50
2022-02-16,671.50,662.00
2022-02-17,645.00,654.50
2022-02-18,649.50,643.50
2022-02-21,658.50,644.50
2022-02-22,639.50,657.50
2022-02-23,658.50,656.00
2022-02-24,665.50,662.50
2022-02-25,643.50,647.00
2022-02-28,664.50,658.50
2022-03-01,693.00,679.00
2022-03-02,711.50,704.50
2022-03-03,745.50,739.50
2022-03-04,769.00,759.50
2022-03-07,821.50,796.50
2022-03-08,795.00,798.00
2022-03-09,768.00,790.00
2022-03-10,762.50,746.50
2022-03-11,780.00,772.50
2022-03-14,735.00,756.50
2022-03-15,723.00,732.00
2022-03-16,766.00,738.00
2022-03-17,776.50,770.00
2022-03-18,796.50,790.50
2022-03-21,798.00,794.00
2022-03-22,771.00,788.00
2022-03-23,790.00,776.00
2022-03-24,785.00,792.00
2022-03-25,818.00,802.00
2022-03-28,836.50,830.50
2022-03-29,835.00,839.50
2022-03-30,866.50,842.00
2022-03-31,866.00,866.50
2022-04-01,894.50,875.00
2022-04-06,898.00,901.00
2022-04-07,874.50,885.50
2022-04-08,892.00,883.50
2022-04-11,843.50,859.50
2022-04-12,895.50,868.50
2022-04-13,855.00,872.00
2022-04-14,871.50,861.50
2022-04-15,888.00,885.00
2022-04-18,894.50,889.50
2022-04-19,861.00,887.50
2022-04-20,867.00,873.00
2022-04-21,864.50,868.00
2022-04-22,829.00,843.00
2022-04-25,751.50,781.00
2022-04-26,769.00,764.50
2022-04-27,781.50,781.50
2022-04-28,806.50,790.00
2022-04-29,825.00,812.00
2022-05-05,823.00,825.50
2022-05-06,775.00,806.00
2022-05-09,759.50,765.50
2022-05-10,729.50,731.50
2022-05-11,771.00,757.50
2022-05-12,751.50,767.00
2022-05-13,777.00,759.50
2022-05-16,789.00,777.50
2022-05-17,785.50,792.00
2022-05-18,750.00,774.50
2022-05-19,777.00,758.50
2022-05-20,794.00,781.50
2022-05-23,808.00,808.00
2022-05-24,773.00,795.00
2022-05-25,796.00,786.00
2022-05-26,780.50,774.50
2022-05-27,806.00,797.00
2022-05-30,815.50,813.00
2022-05-31,825.00,829.50
2022-06-01,840.50,836.50
2022-06-02,870.50,853.50
2022-06-06,862.50,869.00
2022-06-07,866.00,868.50
2022-06-08,863.00,866.00
2022-06-09,862.50,867.50
2022-06-10,845.00,857.00
2022-06-13,824.50,830.00
2022-06-14,817.50,813.50
2022-06-15,794.00,812.50
2022-06-16,792.50,800.00
2022-06-17,748.00,763.00
2022-06-20,687.50,709.50
2022-06-21,690.00,697.00
2022-06-22,669.50,679.00
2022-06-23,705.50,687.50
2022-06-24,693.00,699.00
2022-06-27,725.50,713.00
2022-06-28,747.50,729.50
2022-06-29,741.00,748.00
2022-06-30,732.00,739.50
2022-07-01,696.00,709.50
2022-07-04,665.00,681.00
2022-07-05,685.00,679.00
2022-07-06,678.50,667.00
2022-07-07,688.00,682.00
2022-07-08,683.00,695.50
2022-07-11,670.50,672.50
2022-07-12,639.50,654.50
2022-07-13,663.00,647.00
2022-07-14,630.50,649.00
2022-07-15,600.50,614.00
2022-07-18,631.00,618.50
2022-07-19,624.00,629.50
2022-07-20,636.00,627.50
2022-07-21,635.50,633.50
2022-07-22,644.50,632.00
2022-07-25,669.50,668.50
2022-07-26,695.00,678.50
2022-07-27,684.50,685.00
2022-07-28,727.00,706.50
2022-07-29,715.00,716.00
2022-08-01,722.50,727.50
2022-08-02,735.50,723.00
2022-08-03,719.00,726.00
2022-08-04,688.50,705.00
2022-08-05,723.00,707.00
2022-08-08,737.50,733.00
2022-08-09,723.00,737.00
2022-08-10,724.50,724.50
2022-08-11,741.00,734.50
2022-08-12,730.50,728.50
2022-08-15,707.50,722.50
2022-08-16,720.50,715.00
2022-08-17,684.00,706.50
2022-08-18,678.50,687.00
2022-08-19,673.50,680.50
2022-08-22,690.50,688.00
2022-08-23,705.00,697.50
2022-08-24,716.00,707.00
2022-08-25,705.50,713.50
2022-08-26,735.00,724.00
2022-08-29,714.00,718.00
2022-08-30,682.00,697.00
2022-08-31,685.00,683.50
2022-09-01,675.50,687.00
2022-09-02,667.50,665.50
2022-09-05,692.00,679.50
2022-09-06,691.50,692.00
2022-09-07,680.00,684.50
2022-09-08,706.00,694.50
2022-09-09,720.50,714.50
2022-09-13,728.50,725.50
2022-09-14,720.50,717.50
2022-09-15,722.50,724.00
2022-09-16,715.00,715.50
2022-09-19,705.50,718.00
2022-09-20,696.00,710.00
2022-09-21,703.50,695.50
2022-09-22,718.00,709.50
2022-09-23,719.00,721.00
2022-09-26,710.50,710.50
2022-09-27,718.50,715.00
2022-09-28,711.50,717.00
2022-09-29,722.50,721.00
2022-09-30,721.50,723.50
2022-10-10,739.50,739.50
2022-10-11,721.00,730.00
2022-10-12,714.50,713.50
2022-10-13,696.00,706.50
2022-10-14,702.50,700.50
2022-10-17,686.50,689.50
2022-10-18,687.00,685.50
2022-10-19,688.00,688.00
2022-10-20,667.00,676.00
2022-10-21,676.50,678.50
2022-10-24,679.50,682.50
2022-10-25,669.50,671.00
2022-10-26,662.50,671.00
2022-10-27,643.50,656.50
2022-10-28,624.50,632.50
2022-10-31,606.50,613.00
2022-11-01,628.00,615.00
2022-11-02,629.00,627.50
2022-11-03,634.50,631.50
2022-11-04,662.50,648.00
2022-11-07,661.50,662.50
2022-11-08,680.00,668.50
2022-11-09,686.00,685.00
2022-11-10,675.50,674.50
2022-11-11,708.50,697.00
2022-11-14,710.50,718.00
2022-11-15,719.00,718.50
2022-11-16,734.00,728.00
2022-11-17,740.00,729.50
2022-11-18,753.50,745.50
2022-11-21,745.50,739.50
2022-11-22,725.00,735.50
2022-11-23,732.50,722.50
2022-11-24,732.00,734.00
2022-11-25,758.00,738.00
2022-11-28,755.50,753.50
2022-11-29,770.50,771.50
2022-11-30,769.00,767.00
2022-12-01,766.50,770.50
2022-12-02,787.50,776.50
2022-12-05,795.50,795.00
2022-12-06,795.50,793.50
2022-12-07,790.00,797.00
2022-12-08,814.00,801.00
2022-12-09,840.00,831.00
2022-12-12,830.00,835.00
2022-12-13,834.50,826.00
2022-12-14,833.50,830.50
2022-12-15,854.00,841.00
2022-12-16,846.00,847.00
2022-12-19,821.00,828.50
2022-12-20,827.00,824.50
2022-12-21,847.00,831.00
2022-12-22,832.00,843.00
2022-12-23,837.50,833.00
2022-12-26,839.50,834.50
2022-12-27,839.00,835.50
2022-12-28,839.00,837.00
2022-12-29,846.00,840.00
2022-12-30,865.00,857.00
2023-01-03,863.50,849.00
2023-01-04,858.00,861.50
2023-01-05,839.00,848.50
2023-01-06,851.00,840.50
2023-01-09,830.00,842.50
2023-01-10,845.50,845.00
2023-01-11,848.00,848.00
2023-01-12,864.00,894.50
2023-01-13,900.00,896.50
2023-01-16,865.00,852.50
2023-01-17,783.50,780.50
2023-01-18,788.00,786.00
2023-01-19,797.50,794.00
2023-01-20,806.00,801.00
2023-01-30,809.50,814.50
2023-01-31,804.00,809.00
2023-02-01,800.50,805.00
2023-02-02,773.50,788.00
2023-02-03,786.00,773.50
2023-02-06,788.00,779.00
2023-02-07,771.00,774.50
2023-02-08,778.50,773.00
2023-02-09,793.00,789.00
2023-02-10,793.50,789.00
2023-02-13,765.00,778.00
2023-02-14,775.00,766.50
2023-02-15,776.00,779.50
2023-02-16,781.50,779.00
2023-02-17,797.50,790.50
2023-02-20,797.50,793.50
2023-02-21,811.50,811.50
2023-02-22,800.00,804.00
2023-02-23,816.50,816.00
2023-02-24,822.50,818.50
2023-02-27,802.00,811.00
2023-02-28,801.00,800.50
2023-03-01,815.00,806.50
2023-03-02,818.00,815.00
2023-03-03,821.00,819.50
2023-03-06,810.50,807.50
2023-03-07,817.50,815.50
2023-03-08,815.50,816.00
2023-03-09,821.00,815.50
2023-03-10,814.50,826.00
2023-03-13,831.00,825.00
2023-03-14,814.00,826.00
2023-03-15,820.00,823.50
2023-03-16,793.00,803.00
2023-03-17,802.00,793.50
2023-03-20,775.50,790.00
2023-03-21,770.00,776.00
2023-03-22,753.00,759.50
2023-03-23,740.50,750.50
2023-03-24,751.50,744.00
2023-03-27,759.00,756.00
2023-03-28,765.00,760.00
2023-03-29,769.00,769.50
2023-03-30,782.50,774.50
2023-03-31,788.00,788.00
2023-04-03,766.50,782.50
2023-04-04,755.50,758.50
2023-04-06,751.00,752.50
2023-04-07,748.50,746.50
2023-04-10,729.00,738.00
2023-04-11,742.50,733.00
2023-04-12,736.50,740.50
2023-04-13,713.50,720.00
2023-04-14,713.00,717.50
2023-04-17,721.00,711.50
2023-04-18,728.00,729.00
2023-04-19,725.50,729.50
2023-04-20,712.50,717.50
2023-04-21,690.00,700.50
2023-04-24,679.00,682.00
2023-04-25,670.00,676.00
2023-04-26,675.50,669.50
2023-04-27,669.50,678.00
2023-04-28,669.00,672.00
2023-05-04,657.50,663.00
2023-05-05,657.50,649.50
2023-05-08,675.50,663.50
2023-05-09,671.00,677.00
2023-05-10,675.50,675.50
2023-05-11,655.00,665.50
2023-05-12,653.50,654.50
2023-05-15,678.00,671.50
2023-05-16,674.00,677.50
2023-05-17,686.00,676.00
2023-05-18,685.00,686.50
2023-05-19,675.00,676.50
2023-05-22,660.50,670.50
2023-05-23,655.00,660.50
2023-05-24,635.50,646.00
2023-05-25,631.50,633.50
2023-05-26,657.50,640.50
2023-05-29,663.00,655.50
2023-05-30,652.50,658.00
2023-05-31,655.00,649.50
2023-06-01,683.50,669.00
2023-06-02,688.00,686.50
2023-06-05,699.50,699.00
2023-06-06,706.50,709.50
2023-06-07,704.00,705.50
2023-06-08,719.50,715.50
2023-06-09,733.50,726.00
2023-06-12,712.50,719.00
2023-06-13,729.50,722.50
2023-06-14,730.50,730.50
2023-06-15,737.00,738.00
2023-06-16,737.00,734.50
2023-06-19,735.50,738.50
2023-06-20,735.50,734.00
2023-06-21,728.50,732.00
2023-06-26,727.00,723.00
2023-06-27,753.50,739.50
2023-06-28,759.00,752.50
2023-06-29,760.00,756.50
2023-06-30,752.00,762.00
2023-07-03,748.50,750.50
2023-07-04,750.50,751.00
2023-07-05,758.00,751.50
2023-07-06,758.00,758.00
2023-07-07,741.50,752.50
2023-07-10,724.50,734.50
2023-07-11,731.50,730.50
2023-07-12,744.00,736.00
2023-07-13,746.00,744.50
2023-07-14,764.00,755.00
2023-07-17,754.50,760.50
2023-07-18,764.00,761.00
2023-07-19,757.50,758.00
2023-07-20,774.50,773.00
2023-07-21,772.00,767.50
2023-07-24,765.50,767.50
2023-07-25,773.50,772.50
2023-07-26,777.50,780.00
2023-07-27,759.00,769.50
2023-07-28,740.00,743.00
2023-07-31,753.00,743.00
2023-08-01,751.00,750.50
2023-08-02,745.50,749.00
2023-08-03,722.00,731.00
2023-08-04,725.50,731.00
2023-08-07,719.50,718.00
2023-08-08,716.00,722.50
2023-08-09,723.00,718.00
2023-08-10,714.50,724.00
2023-08-11,739.00,728.00
2023-08-14,725.00,728.50
2023-08-15,740.00,732.50
2023-08-16,738.50,736.50
2023-08-17,768.50,749.50
2023-08-18,771.50,770.00
2023-08-21,777.00,771.00
2023-08-22,805.50,788.00
2023-08-23,817.00,818.00
2023-08-24,811.00,822.50
2023-08-25,827.00,819.50
2023-08-28,811.00,819.00
2023-08-29,810.50,813.00
2023-08-30,829.00,820.00
2023-08-31,849.00,841.50
2023-09-01,845.50,844.00
2023-09-04,844.50,851.50
2023-09-05,846.50,852.50
2023-09-06,853.50,852.50
2023-09-07,836.50,845.00
2023-09-08,827.50,831.50
2023-09-11,851.50,842.50
2023-09-12,859.00,856.50
2023-09-13,860.50,856.50
2023-09-14,863.50,859.00
2023-09-15,879.00,873.00
2023-09-18,871.50,868.50
2023-09-19,862.50,869.50
2023-09-20,873.50,870.50
2023-09-21,854.00,864.00
2023-09-22,871.50,862.00
2023-09-25,844.50,855.00
