QUOTEDATE,SpotDZYangDiPowder,SpotDZPB_Powder,SpotDZJinBubaPowder,SpotDZKaraLaraFinePowder,SpotDZKaraJagasPowder,SpotDZBaMixBRBF,SpotDZUltraSpecialPowder,PusiIndex62USD,SpotDiscountPort,BaseDZYangDiPowder,BaseDZUltraSpecialPowder,BaseDZPB_Powder,BaseDZJinBubaPowder,SwapJan,SwapMay,SwapSep,ImportProfitJan,ImportProfitMay,ImportProfitSep,RebarMineRatioSpot,RebarMineRatioJan,RebarMineRatioMay,RebarMineRatioOct,date
2022-03-24,855.0,948.0,795.0,1305.0,1160.0,1056.0,650.0,146.35,1090.0,225.0,27.0,191.0,123.0,148.94,147.75,143.66,-289.7,-286.65,-284.77,4.95,6.05,6.0,6.06,2023-11-16
2022-03-25,870.0,965.0,810.0,1075.0,1180.0,1055.0,675.0,150.8,1124.0,203.0,16.0,172.0,101.0,154.23,152.93,148.82,-291.12,-290.27,-290.21,4.86,5.86,5.87,5.91,2023-11-16
2022-03-28,890.0,986.0,835.0,1335.0,1200.0,1093.0,696.0,152.4,1136.0,202.0,16.0,172.0,105.0,154.92,153.38,149.2,-274.81,-272.72,-276.11,4.78,5.75,5.78,5.87,2023-11-16
2022-03-29,885.0,978.0,827.0,1325.0,1190.0,1083.0,695.0,152.95,1138.0,197.0,15.0,163.0,96.0,154.63,153.28,149.04,-272.6,-174.38,-276.34,4.82,5.74,5.18,5.86,2023-11-16
2022-03-30,905.0,990.0,843.0,1330.0,1200.0,1100.0,715.0,158.2,1174.0,184.0,2.0,142.0,78.0,160.03,158.58,154.22,-274.83,-283.4,-280.55,4.77,5.54,5.62,5.68,2023-11-16
2022-03-31,900.0,993.0,828.0,1330.0,1190.0,1100.0,713.0,158.31,1174.0,177.0,-2.0,143.0,61.0,158.34,159.24,155.99,-259.85,-284.81,-292.47,4.75,5.56,5.64,5.71,2023-11-16
2022-04-01,915.0,1010.0,848.0,1335.0,1206.0,1120.0,734.0,159.85,1185.0,169.0,-4.0,138.0,58.0,161.34,160.22,155.47,-255.37,-261.33,-258.76,4.69,5.52,5.57,5.63,2023-11-16
2022-04-06,928.0,1025.0,865.0,1335.0,1230.0,1125.0,750.0,160.2,1193.0,173.0,4.0,144.0,66.0,161.36,160.2,153.03,-246.0,-261.18,-238.22,4.69,5.43,5.53,5.58,2023-11-16
2022-04-07,933.0,1005.0,850.0,1320.0,1210.0,1105.0,730.0,155.05,1153.0,201.0,4.0,144.0,72.0,156.54,155.6,151.3,-238.54,-259.77,-254.27,4.78,5.53,5.63,5.67,2023-11-16
2022-04-08,943.0,1005.0,847.0,1320.0,1210.0,1105.0,730.0,154.65,1150.0,200.0,-8.0,132.0,57.0,155.07,154.35,150.04,-213.49,-229.81,-225.31,4.77,5.42,5.46,5.52,2023-11-16
2022-04-11,915.0,972.0,815.0,1285.0,1180.0,1075.0,705.0,150.6,1121.0,212.0,8.0,139.0,65.0,151.78,150.77,146.53,-232.72,-253.96,-248.46,4.89,5.56,5.6,5.69,2023-11-16
2022-04-12,944.0,1010.0,847.0,1305.0,1195.0,1103.0,745.0,154.85,1154.0,196.0,3.0,133.0,52.0,155.62,154.84,150.92,-212.2,-226.59,-227.9,4.72,5.39,5.44,5.55,2023-11-16
2022-04-13,940.0,980.0,822.0,1295.0,1195.0,1080.0,719.0,151.4,1129.0,225.0,8.0,133.0,58.0,151.73,150.77,146.85,-220.3,-240.88,-241.62,4.86,5.51,5.56,5.69,2023-11-16
2022-04-14,943.0,993.0,835.0,1305.0,1200.0,1095.0,735.0,152.8,1135.0,211.0,8.0,130.0,55.0,154.4,153.66,149.78,-221.29,-243.46,-245.51,4.8,5.47,5.55,5.68,2023-11-16
2022-04-15,950.0,1001.0,845.0,1315.0,1208.0,1105.0,749.0,,,204.0,9.0,125.0,52.0,154.4,153.66,149.78,-203.6,-225.78,-225.42,4.78,5.44,5.52,5.61,2023-11-16
2022-04-18,960.0,1005.0,845.0,1315.0,1200.0,1105.0,753.0,153.85,1147.0,213.0,12.0,127.0,50.0,154.87,154.0,149.93,-211.2,-227.92,-226.03,4.77,5.43,5.49,5.6,2023-11-16
2022-04-19,950.0,986.0,830.0,1295.0,1185.0,1080.0,730.0,149.85,1117.0,229.0,14.0,133.0,60.0,150.78,150.23,146.35,-206.4,-233.44,-231.48,4.86,5.56,5.65,5.76,2023-11-16
2022-04-20,955.0,987.0,837.0,1300.0,1190.0,1090.0,740.0,150.7,1128.0,222.0,12.0,121.0,55.0,151.47,150.94,147.21,-197.64,-226.82,-230.96,4.88,5.56,5.69,5.82,2023-11-16
2022-04-21,959.0,990.0,838.0,1300.0,1190.0,1092.0,748.0,150.05,1125.0,221.0,15.0,120.0,51.0,151.14,150.62,147.11,-194.98,-223.22,-237.33,4.86,5.51,5.6,5.76,2023-11-16
2022-04-22,965.0,985.0,825.0,1300.0,1180.0,1085.0,735.0,150.0,1133.0,237.0,10.0,123.0,46.0,150.77,150.3,146.71,-203.04,-245.63,-271.63,4.87,5.52,5.63,5.89,2023-11-16
2022-04-25,920.0,918.0,770.0,1220.0,1130.0,1020.0,688.0,135.75,1034.0,254.0,26.0,116.0,53.0,136.17,136.43,133.13,-171.45,-239.35,-258.26,5.12,5.8,6.01,6.24,2023-11-16
2022-04-26,918.0,930.0,785.0,1255.0,1141.0,1026.0,705.0,138.95,1068.0,235.0,27.0,112.0,52.0,139.21,138.84,135.55,-181.57,-247.35,-263.22,5.04,5.73,5.97,6.17,2023-11-16
2022-04-27,930.0,940.0,791.0,1255.0,1148.0,1040.0,721.0,140.45,1079.0,231.0,28.0,107.0,42.0,140.87,140.35,137.19,-188.08,-251.73,-273.31,5.0,5.66,5.89,6.12,2023-11-16
2022-04-28,930.0,958.0,810.0,1225.0,1160.0,1060.0,737.0,142.0,1091.0,199.0,13.0,94.0,31.0,,,,,,,4.9,5.48,5.7,5.89,2023-11-16
2022-04-29,940.0,978.0,828.0,1275.0,1180.0,1080.0,750.0,142.35,1102.0,156.0,-26.0,62.0,-4.0,146.3,145.95,142.75,-142.96,-250.86,-271.63,4.83,5.32,5.65,5.82,2023-11-16
2022-05-05,945.0,982.0,828.0,1275.0,1190.0,1080.0,760.0,145.8,1120.0,152.0,-26.0,57.0,-14.0,145.2,143.47,140.06,-133.81,-239.37,-262.37,4.87,5.26,5.65,5.84,2023-11-16
2022-05-06,930.0,940.0,800.0,1255.0,1156.0,1043.0,724.0,139.0,1080.0,175.0,-25.0,51.0,-4.0,138.44,136.46,133.07,-115.35,-225.66,-250.5,5.04,5.35,5.74,5.96,2023-11-16
2022-05-09,920.0,920.0,815.0,1255.0,1133.0,1020.0,710.0,131.35,1031.0,165.0,-39.0,29.0,13.0,131.99,127.47,124.02,-77.83,-186.95,-208.09,5.07,5.38,5.77,6.02,2023-11-16
2022-05-10,880.0,898.0,785.0,1241.0,1116.0,996.0,692.0,128.1,1010.0,127.0,-52.0,12.0,-13.0,130.27,123.32,119.67,-79.79,-191.25,-213.16,5.14,5.4,5.91,6.21,2023-11-16
2022-05-11,915.0,933.0,802.0,1265.0,1151.0,1031.0,718.0,133.5,1053.0,111.0,-79.0,-5.0,-50.0,134.2,129.16,125.53,-58.06,-196.83,-219.29,4.94,5.06,5.7,5.96,2023-11-16
2022-05-12,900.0,915.0,792.0,1248.0,1113.0,1016.0,705.0,127.56,1008.0,140.0,-48.0,21.0,-15.0,130.16,122.9,119.38,-75.21,-176.5,-194.24,5.07,5.26,5.79,6.03,2023-11-16
2022-05-13,904.0,929.0,805.0,1268.0,1123.0,1031.0,721.0,127.35,1015.0,146.0,-28.0,38.0,1.0,130.93,124.37,120.8,-83.09,-160.71,-179.56,4.97,5.29,5.67,5.9,2023-11-16
2022-05-16,904.0,939.0,810.0,1285.0,1151.0,1039.0,731.0,,,262.0,98.0,165.0,122.0,127.19,123.56,132.5,-179.36,-197.01,,4.91,5.61,5.8,5.61,2023-11-16
2022-05-17,914.0,934.0,815.0,1269.0,1143.0,1035.0,730.0,130.15,1036.0,279.0,103.0,165.0,133.0,125.13,121.44,131.58,-168.67,-183.87,,4.93,5.61,5.82,,2023-11-16
2022-05-18,895.0,907.0,790.0,1245.0,1120.0,1006.0,701.0,126.6,1003.0,296.0,109.0,173.0,144.0,121.79,118.0,129.92,-180.83,-192.77,,5.01,5.73,5.95,,2023-11-16
2022-05-19,900.0,925.0,801.0,1251.0,1131.0,1025.0,718.0,129.4,1025.0,274.0,101.0,166.0,129.0,118.59,114.72,122.75,-123.49,-135.0,-218.68,4.88,5.6,5.78,5.85,2023-11-16
2022-05-20,922.0,947.0,822.0,1275.0,1153.0,1048.0,740.0,136.25,1077.0,274.0,100.0,166.0,127.0,128.8,123.52,119.19,-178.27,-186.48,-176.44,4.79,5.51,5.73,5.79,2023-11-16
2022-05-23,953.0,965.0,845.0,1275.0,1168.0,1064.0,765.0,135.95,1064.0,287.0,106.0,165.0,131.0,128.6,123.04,118.54,-155.21,-168.31,-159.99,4.68,5.33,5.59,5.68,2023-11-16
2022-05-24,925.0,934.0,813.0,1255.0,1141.0,1035.0,735.0,130.5,1020.0,289.0,107.0,164.0,130.0,124.2,119.08,114.6,-144.39,-163.27,-154.48,4.78,5.38,5.68,5.78,2023-11-16
2022-05-25,932.0,950.0,825.0,1255.0,1157.0,1051.0,751.0,133.4,1041.0,275.0,103.0,160.0,121.0,126.56,121.51,117.1,-137.98,-155.99,-146.82,4.7,5.33,5.6,5.68,2023-11-16
2022-05-26,917.0,937.0,810.0,1251.0,1129.0,1036.0,738.0,131.25,1028.0,277.0,107.0,163.0,123.0,124.9,119.86,115.5,-143.27,-158.87,-149.58,4.75,5.4,5.68,5.75,2023-11-16
2022-05-27,945.0,959.0,835.0,1273.0,1154.0,1060.0,763.0,134.45,1062.0,278.0,104.0,158.0,120.0,128.76,123.7,119.32,-145.94,-165.26,-161.22,4.67,5.3,5.59,5.69,2023-11-16
2022-05-30,962.0,971.0,845.0,1278.0,1167.0,1069.0,771.0,136.6,1073.0,283.0,98.0,157.0,117.0,130.58,125.4,121.08,-154.33,-177.39,-171.99,4.64,5.26,5.57,5.65,2023-11-16
2022-05-31,970.0,976.0,857.0,1291.0,1173.0,1079.0,781.0,136.5,1065.0,277.0,95.0,148.0,115.0,130.27,125.12,120.73,-132.48,-160.96,-156.7,4.61,5.25,5.58,5.67,2023-11-16
2022-06-01,974.0,978.0,863.0,1285.0,1178.0,1078.0,790.0,136.55,1066.0,268.0,91.0,137.0,108.0,130.4,125.11,120.61,-113.97,-139.15,-139.78,4.62,5.2,5.52,5.64,2023-11-16
2022-06-02,979.0,995.0,884.0,1296.0,1178.0,1095.0,805.0,143.65,1127.0,244.0,78.0,126.0,101.0,137.21,131.31,127.42,-135.91,-156.47,-164.17,4.54,5.12,5.42,5.53,2023-11-16
2022-06-06,976.0,990.0,881.0,1298.0,1175.0,1090.0,810.0,146.75,1144.0,251.0,94.0,131.0,108.0,139.52,134.04,129.69,-170.8,-191.76,-195.78,4.61,5.14,5.43,5.56,2023-11-16
2022-06-07,976.0,997.0,885.0,1298.0,1183.0,1097.0,818.0,147.25,1147.0,247.0,99.0,135.0,109.0,140.68,135.37,130.82,-169.68,-192.16,-190.87,4.55,5.08,5.37,5.47,2023-11-16
2022-06-08,976.0,990.0,885.0,1295.0,1177.0,1093.0,818.0,146.9,1144.0,249.0,101.0,129.0,111.0,142.38,136.31,133.0,-185.57,-201.87,-209.44,4.58,5.18,5.47,5.6,2023-11-16
2022-06-09,975.0,988.0,890.0,1295.0,1172.0,1088.0,830.0,143.85,1124.0,250.0,116.0,129.0,119.0,139.42,134.59,130.11,-176.07,-209.11,-205.28,4.6,5.19,5.46,5.57,2023-11-16
2022-06-10,969.0,975.0,876.0,1291.0,1160.0,1075.0,820.0,141.55,1110.0,254.0,115.0,125.0,113.0,,,,,,,4.65,5.24,5.59,5.68,2023-11-16
2022-06-13,950.0,967.0,873.0,1275.0,1150.0,1067.0,815.0,,,244.0,121.0,127.0,121.0,,,,,,,4.65,5.19,5.62,5.72,2023-11-16
2022-06-14,844.0,960.0,869.0,1270.0,1154.0,1060.0,810.0,134.2,1061.0,129.0,117.0,121.0,119.0,130.56,125.63,121.15,-127.65,-174.23,-172.22,4.63,5.12,5.6,5.72,2023-11-16
2022-06-15,824.0,933.0,842.0,1248.0,1132.0,1033.0,795.0,130.85,1036.0,141.0,135.0,126.0,124.0,,,,,,,4.73,5.24,5.69,5.8,2023-11-16
2022-06-16,910.0,930.0,843.0,1243.0,1125.0,1020.0,790.0,129.5,1020.0,236.0,129.0,122.0,125.0,126.05,121.86,117.71,-132.2,-175.24,-170.07,4.71,5.19,5.63,5.73,2023-11-16
2022-06-17,881.0,889.0,800.0,1228.0,1095.0,979.0,770.0,122.15,962.0,250.0,154.0,123.0,125.0,118.41,114.61,110.75,-114.31,-158.99,-153.73,4.84,5.3,5.77,5.88,2023-11-16
2022-06-20,813.0,816.0,732.0,1175.0,1025.0,906.0,711.0,112.35,890.0,250.0,165.0,118.0,127.0,110.03,107.65,104.52,-124.08,-164.58,-158.41,4.93,5.56,5.99,6.05,2023-11-16
2022-06-21,802.0,814.0,735.0,1185.0,1014.0,901.0,720.0,115.9,914.0,235.0,172.0,113.0,127.0,113.55,111.22,108.83,-150.23,-191.55,-191.43,4.95,5.64,6.07,6.14,2023-11-16
2022-06-22,760.0,818.0,695.0,1184.0,970.0,863.0,672.0,109.4,868.0,228.0,159.0,157.0,123.0,107.13,104.83,102.51,-137.78,-160.4,-159.38,4.88,5.82,6.12,6.18,2023-11-16
2022-06-23,794.0,810.0,733.0,1200.0,980.0,900.0,684.0,116.05,918.0,226.0,132.0,108.0,124.0,114.86,112.29,109.86,-159.52,-184.03,-184.1,4.95,5.65,5.96,6.05,2023-11-16
2022-06-24,789.0,800.0,719.0,1200.0,980.0,890.0,685.0,115.0,909.0,234.0,147.0,111.0,123.0,113.0,110.6,108.14,-158.53,-183.34,-181.19,5.01,5.69,6.01,6.08,2023-11-16
2022-06-27,816.0,832.0,752.0,1215.0,1005.0,922.0,716.0,119.6,941.0,225.0,142.0,107.0,119.0,118.65,116.2,113.69,-161.3,-192.25,-194.75,4.86,5.51,5.85,5.94,2023-11-16
2022-06-28,841.0,867.0,784.0,1220.0,1019.0,957.0,732.0,125.0,983.0,218.0,125.0,111.0,120.0,123.02,120.51,117.92,-158.3,-200.84,-206.27,4.68,5.38,5.75,5.86,2023-11-16
2022-06-29,839.0,865.0,791.0,1220.0,1019.0,955.0,730.0,123.2,971.0,221.0,128.0,115.0,133.0,121.51,118.91,116.19,-153.49,-196.33,-198.76,4.73,5.43,5.81,5.92,2023-11-16
2022-06-30,839.0,851.0,776.0,1214.0,1000.0,941.0,725.0,,,234.0,135.0,112.0,129.0,,,,,,,4.81,5.53,5.89,6.0,2023-11-16
2022-07-01,799.0,808.0,738.0,1199.0,958.0,898.0,699.0,116.45,918.0,233.0,151.0,108.0,132.0,113.93,111.32,108.58,-154.53,-186.24,-185.96,5.02,5.71,6.06,6.16,2023-11-16
2022-07-04,768.0,780.0,745.0,1170.0,941.0,870.0,676.0,109.9,871.0,227.0,154.0,105.0,167.0,108.21,105.68,103.02,-136.08,-171.47,-167.37,5.1,5.76,6.21,6.3,2023-11-16
2022-07-05,787.0,801.0,738.0,1179.0,948.0,891.0,688.0,114.3,903.0,225.0,144.0,105.0,137.0,111.29,108.55,106.1,-138.97,-175.7,-176.13,4.99,5.67,6.11,6.21,2023-11-16
2022-07-06,784.0,804.0,738.0,1179.0,948.0,894.0,685.0,112.35,892.0,217.0,136.0,104.0,132.0,110.41,108.21,105.61,-126.74,-178.59,-177.91,4.96,5.62,6.16,6.3,2023-11-16
2022-07-07,797.0,815.0,752.0,1179.0,955.0,905.0,690.0,114.85,909.0,222.0,132.0,107.0,138.0,112.73,110.19,107.59,-138.11,-187.31,-183.55,4.89,5.5,6.03,6.09,2023-11-16
2022-07-08,783.0,815.0,760.0,1179.0,946.0,905.0,690.0,114.05,903.0,208.0,133.0,108.0,147.0,112.1,109.38,106.87,-133.02,-184.88,-182.84,4.9,5.55,6.05,6.13,2023-11-16
2022-07-11,774.0,793.0,743.0,1175.0,932.0,883.0,670.0,,,212.0,126.0,98.0,144.0,109.5,107.27,104.82,-127.24,-180.83,-179.75,4.86,5.46,5.96,6.04,2023-11-16
2022-07-12,747.0,757.0,714.0,1147.0,890.0,847.0,649.0,105.8,842.0,216.0,137.0,93.0,146.0,104.29,101.85,99.48,-120.11,-169.15,-166.71,5.03,5.53,6.04,6.12,2023-11-16
2022-07-13,758.0,773.0,733.0,1195.0,906.0,863.0,655.0,109.4,870.0,204.0,119.0,85.0,142.0,108.16,105.57,103.43,-128.39,-177.69,-178.42,4.84,5.34,5.79,5.88,2023-11-16
2022-07-14,717.0,735.0,692.0,1172.0,868.0,825.0,628.0,100.25,800.0,195.0,126.0,80.0,134.0,99.89,98.19,96.19,-101.95,-154.03,-150.82,5.06,5.51,5.93,5.98,2023-11-16
2022-07-15,664.0,678.0,632.0,1111.0,798.0,768.0,588.0,96.6,775.0,187.0,133.0,68.0,120.0,96.16,94.78,92.82,-123.91,-157.92,-153.02,5.23,5.56,5.86,5.88,2023-11-16
2022-07-18,688.0,709.0,662.0,1130.0,822.0,799.0,605.0,100.9,807.0,179.0,117.0,68.0,118.0,,,,,,,5.09,5.57,5.84,5.88,2023-11-16
2022-07-19,662.0,681.0,641.0,1120.0,794.0,771.0,575.0,96.45,773.0,173.0,107.0,60.0,118.0,97.38,96.91,95.12,-123.68,-152.6,-148.96,5.34,5.75,5.9,5.92,2023-11-16
2022-07-20,665.0,685.0,638.0,1120.0,801.0,775.0,583.0,97.55,782.0,168.0,107.0,55.0,106.0,100.18,100.39,98.74,-136.07,-167.17,-165.59,5.3,5.76,5.88,5.88,2023-11-16
2022-07-21,654.0,670.0,627.0,1053.0,780.0,760.0,570.0,96.4,775.0,164.0,101.0,47.0,103.0,,,,,,,5.39,5.83,5.85,5.84,2023-11-16
2022-07-22,675.0,700.0,647.0,1041.0,825.0,790.0,574.0,100.35,804.0,163.0,82.0,56.0,100.0,103.83,103.8,102.35,-150.37,-186.64,-189.56,5.19,5.67,5.78,5.82,2023-11-16
2022-07-25,705.0,718.0,671.0,1041.0,840.0,808.0,601.0,104.0,832.0,166.0,81.0,46.0,96.0,,,,,,,5.1,5.43,5.57,5.59,2023-11-16
2022-07-26,736.0,751.0,699.0,1045.0,855.0,841.0,623.0,111.7,890.0,163.0,67.0,44.0,89.0,112.12,111.04,109.3,-145.24,-190.5,-190.22,4.89,5.19,5.43,5.45,2023-11-16
2022-07-27,736.0,751.0,689.0,1045.0,850.0,826.0,619.0,111.05,888.0,167.0,67.0,48.0,82.0,112.39,111.69,109.97,-150.54,-205.2,-206.08,4.91,5.26,5.53,5.58,2023-11-16
2022-07-28,770.0,800.0,733.0,1050.0,893.0,860.0,657.0,117.95,936.0,155.0,59.0,53.0,80.0,118.69,117.19,115.41,-152.91,-207.93,-209.3,4.74,5.11,5.4,5.45,2023-11-16
2022-07-29,764.0,783.0,720.0,1050.0,880.0,843.0,650.0,114.0,907.0,160.0,63.0,46.0,78.0,114.99,113.84,112.24,-131.93,-190.17,-190.98,4.86,5.11,5.43,5.47,2023-11-16
2022-08-01,771.0,790.0,728.0,1050.0,904.0,850.0,667.0,112.9,899.0,163.0,77.0,49.0,81.0,114.75,113.64,112.05,-125.44,-181.48,-182.86,4.96,5.2,5.47,5.5,2023-11-16
2022-08-02,784.0,797.0,741.0,1060.0,910.0,857.0,667.0,113.3,902.0,157.0,57.0,37.0,75.0,114.67,113.54,112.0,-105.22,-168.1,-172.86,4.9,5.09,5.34,5.39,2023-11-16
2022-08-03,758.0,771.0,721.0,1045.0,890.0,831.0,659.0,108.1,866.0,149.0,68.0,28.0,74.0,109.93,107.76,107.29,-89.52,-140.48,-154.39,5.07,5.17,5.44,5.5,2023-11-16
2022-08-04,739.0,752.0,702.0,1020.0,870.0,812.0,618.0,103.8,831.0,158.0,54.0,38.0,84.0,105.71,105.48,104.2,-91.54,-157.78,-164.47,5.16,5.26,5.5,5.57,2023-11-16
2022-08-05,739.0,779.0,726.0,1040.0,890.0,839.0,642.0,106.95,853.0,134.0,56.0,43.0,86.0,109.11,108.55,107.15,-91.41,-144.63,-149.43,5.0,5.17,5.34,5.4,2023-11-16
2022-08-08,745.0,787.0,734.0,1041.0,907.0,847.0,652.0,108.8,870.0,125.0,51.0,36.0,78.0,111.67,110.92,109.45,-92.06,-145.35,-153.15,5.03,5.19,5.41,5.47,2023-11-16
2022-08-09,733.0,778.0,727.0,1029.0,895.0,838.0,641.0,,,122.0,49.0,36.0,81.0,109.58,108.53,107.0,-89.74,-145.2,-155.0,5.08,5.2,5.45,5.53,2023-11-16
2022-08-10,730.0,775.0,726.0,1029.0,890.0,835.0,640.0,108.4,866.0,112.0,42.0,27.0,74.0,109.88,108.32,107.47,-84.65,-140.74,-155.25,5.06,5.13,5.39,5.47,2023-11-16
2022-08-11,741.0,789.0,734.0,1029.0,900.0,846.0,651.0,110.6,879.0,106.0,36.0,24.0,64.0,112.28,111.3,109.86,-85.34,-147.35,-158.85,4.98,5.07,5.32,5.4,2023-11-16
2022-08-12,733.0,778.0,729.0,1029.0,895.0,838.0,636.0,108.85,867.0,107.0,28.0,21.0,68.0,110.37,109.5,108.07,-76.15,-140.53,-152.15,5.1,5.18,5.43,5.52,2023-11-16
2022-08-15,717.0,762.0,708.0,1020.0,874.0,822.0,632.0,104.4,833.0,102.0,38.0,17.0,59.0,105.98,105.33,103.99,-57.32,-132.87,-143.16,5.24,5.24,5.52,5.59,2023-11-16
2022-08-16,720.0,762.0,712.0,1020.0,873.0,822.0,633.0,104.05,834.0,104.0,37.0,16.0,62.0,105.63,104.99,103.61,-53.12,-117.24,-128.23,5.25,5.26,5.46,5.53,2023-11-16
2022-08-17,707.0,737.0,687.0,1010.0,850.0,797.0,620.0,100.4,808.0,119.0,53.0,18.0,64.0,101.65,101.26,100.14,-55.98,-128.99,-139.42,5.38,5.25,5.55,5.63,2023-11-16
2022-08-18,709.0,734.0,683.0,1010.0,849.0,794.0,618.0,100.6,809.0,123.0,52.0,16.0,61.0,100.0,101.76,101.18,-46.35,-141.85,-154.9,5.35,5.33,5.59,5.66,2023-11-16
2022-08-19,705.0,729.0,676.0,1010.0,845.0,789.0,618.0,99.7,805.0,121.0,54.0,12.0,56.0,99.28,100.83,100.41,-42.15,-137.02,-153.3,5.36,5.19,5.51,5.6,2023-11-16
2022-08-22,710.0,739.0,679.0,1010.0,855.0,799.0,625.0,100.65,814.0,125.0,60.0,22.0,58.0,100.13,101.71,101.28,-50.13,-129.79,-148.98,5.29,5.29,5.51,5.6,2023-11-16
2022-08-23,720.0,749.0,696.0,1020.0,859.0,809.0,635.0,102.3,830.0,119.0,54.0,16.0,59.0,101.59,103.24,102.79,-45.89,-128.61,-153.14,5.26,5.23,5.45,5.57,2023-11-16
2022-08-24,723.0,753.0,704.0,1020.0,869.0,813.0,639.0,102.5,830.0,114.0,50.0,12.0,59.0,103.69,103.05,101.69,-57.38,-119.93,-140.9,5.24,5.22,5.37,5.52,2023-11-16
2022-08-25,712.0,752.0,699.0,1020.0,859.0,812.0,640.0,102.25,830.0,105.0,55.0,15.0,58.0,103.1,102.36,100.79,-55.24,-123.52,-142.39,5.25,5.2,5.4,5.56,2023-11-16
2022-08-26,734.0,770.0,710.0,1040.0,885.0,830.0,656.0,105.8,857.0,128.0,71.0,33.0,68.0,105.95,104.65,102.87,-77.54,-113.47,-136.18,5.13,5.25,5.26,5.43,2023-11-16
2022-08-29,724.0,753.0,703.0,1030.0,860.0,813.0,647.0,101.75,828.0,108.0,52.0,5.0,52.0,102.29,100.29,99.08,-39.61,-100.14,-124.77,5.14,5.02,5.27,5.44,2023-11-16
2022-08-30,699.0,730.0,679.0,1020.0,846.0,790.0,630.0,,,103.0,55.0,2.0,48.0,,,,,,,5.2,5.05,5.37,5.55,2023-11-16
2022-08-31,696.0,738.0,687.0,1025.0,850.0,798.0,634.0,100.95,824.0,95.0,56.0,7.0,52.0,101.16,99.5,97.84,-52.48,-126.58,-144.17,5.11,5.05,5.37,5.52,2023-11-16
2022-09-01,692.0,728.0,684.0,1020.0,837.0,788.0,631.0,95.6,781.0,96.0,57.0,1.0,54.0,96.39,94.02,92.2,-21.53,-94.58,-110.4,5.19,5.07,5.39,5.55,2023-11-16
2022-09-02,689.0,722.0,673.0,1020.0,822.0,782.0,621.0,95.0,778.0,110.0,64.0,11.0,59.0,95.34,93.17,91.31,-29.44,-95.06,-114.1,5.17,5.15,5.45,5.63,2023-11-16
2022-09-05,690.0,745.0,696.0,1040.0,844.0,805.0,639.0,98.0,802.0,96.0,69.0,22.0,70.0,98.47,96.59,94.79,-40.35,-98.21,-117.69,5.03,5.1,5.33,5.51,2023-11-16
2022-09-06,679.0,741.0,692.0,1033.0,840.0,801.0,635.0,,,79.0,59.0,12.0,60.0,,,,,,,5.06,5.06,5.34,5.53,2023-11-16
2022-09-07,675.0,732.0,684.0,1020.0,836.0,792.0,630.0,96.9,795.0,84.0,63.0,12.0,61.0,97.18,95.29,93.45,-36.77,-102.01,-122.14,5.1,5.12,5.4,5.59,2023-11-16
2022-09-08,690.0,749.0,701.0,1030.0,851.0,809.0,641.0,99.8,818.0,81.0,55.0,11.0,59.0,100.09,98.55,96.46,-40.21,-102.18,-123.84,5.02,5.03,5.27,5.47,2023-11-16
2022-09-09,703.0,760.0,711.0,1040.0,861.0,820.0,652.0,103.65,847.0,85.0,58.0,13.0,61.0,101.61,100.55,98.39,-42.45,-103.17,-131.29,4.96,5.03,5.26,5.5,2023-11-16
2022-09-13,710.0,765.0,717.0,1045.0,875.0,825.0,656.0,104.25,850.0,73.0,42.0,-2.0,47.0,102.13,101.86,99.64,-25.44,-104.83,-131.0,4.93,4.92,5.21,5.43,2023-11-16
2022-09-14,700.0,756.0,703.0,1043.0,866.0,809.0,656.0,,,62.0,42.0,-12.0,32.0,,,,,,,4.95,4.85,5.19,5.4,2023-11-16
2022-09-15,704.0,759.0,712.0,1010.0,867.0,812.0,662.0,101.05,827.0,139.0,136.0,116.0,115.0,99.48,97.52,,-92.45,-121.14,,4.92,5.15,5.37,,2023-11-16
2022-09-16,697.0,751.0,707.0,980.0,860.0,804.0,656.0,98.45,809.0,139.0,137.0,115.0,117.0,96.86,95.06,93.28,-79.32,-108.77,-126.87,4.94,5.16,5.36,6.08,2023-11-16
2022-09-19,697.0,747.0,700.0,950.0,859.0,800.0,647.0,97.9,806.0,148.0,136.0,120.0,119.0,95.87,94.1,92.48,-83.3,-107.94,-126.25,4.97,5.24,5.41,6.11,2023-11-16
2022-09-20,691.0,740.0,699.0,940.0,850.0,793.0,650.0,96.65,797.0,151.0,149.0,122.0,127.0,94.65,92.99,91.28,-84.22,-110.7,-125.29,4.99,5.26,5.45,6.13,2023-11-16
2022-09-21,697.0,744.0,700.0,937.0,847.0,797.0,653.0,,,150.0,145.0,119.0,121.0,,,,,,,4.94,5.21,56.47,6.08,2023-11-16
2022-09-22,702.0,753.0,711.0,940.0,862.0,806.0,667.0,98.75,817.0,141.0,146.0,114.0,118.0,96.54,94.8,92.92,-78.57,-105.9,-122.63,4.92,5.24,5.43,6.11,2023-11-16
2022-09-23,700.0,753.0,711.0,940.0,862.0,806.0,666.0,99.6,825.0,138.0,143.0,113.0,117.0,95.92,93.91,92.0,-75.54,-100.18,-114.12,4.97,5.24,5.42,6.07,2023-11-16
2022-09-26,700.0,743.0,708.0,940.0,857.0,796.0,668.0,96.05,801.0,146.0,154.0,110.0,122.0,93.61,91.52,89.61,-67.11,-92.6,-107.01,5.03,5.3,5.5,6.16,2023-11-16
2022-09-27,702.0,754.0,713.0,935.0,866.0,807.0,678.0,97.6,818.0,141.0,157.0,115.0,120.0,95.11,93.08,91.13,-75.02,-100.9,-115.41,5.02,5.34,5.51,6.15,2023-11-16
2022-09-28,701.0,745.0,710.0,935.0,856.0,798.0,679.0,,,146.0,165.0,112.0,124.0,,,,,,,5.1,5.37,5.54,6.16,2023-11-16
2022-09-29,706.0,752.0,718.0,935.0,854.0,805.0,679.0,95.85,808.0,141.0,154.0,108.0,121.0,93.07,90.91,89.03,-63.33,-84.47,-95.86,5.05,5.31,5.47,6.04,2023-11-16
2022-09-30,706.0,752.0,717.0,935.0,853.0,805.0,668.0,95.95,808.0,142.0,143.0,109.0,121.0,92.89,90.72,88.6,-62.83,-84.89,-91.86,5.1,5.27,5.42,5.91,2023-11-16
2022-10-10,714.0,766.0,730.0,965.0,870.0,819.0,682.0,98.75,830.0,133.0,140.0,107.0,117.0,94.02,91.63,89.38,-52.8,-76.13,-82.58,5.02,5.24,5.38,5.84,2023-11-16
2022-10-11,697.0,749.0,715.0,965.0,854.0,800.0,667.0,97.05,817.0,133.0,143.0,107.0,119.0,,,,,,,5.07,5.23,5.39,5.9,2023-11-16
2022-10-12,691.0,742.0,711.0,944.0,850.0,791.0,665.0,,,132.0,147.0,105.0,122.0,,,,,,,5.05,5.25,5.4,5.85,2023-11-16
2022-10-13,682.0,731.0,696.0,932.0,840.0,785.0,650.0,94.2,795.0,141.0,149.0,112.0,124.0,89.76,86.58,84.33,-63.19,-75.14,-81.06,5.12,5.34,5.47,5.97,2023-11-16
2022-10-14,689.0,735.0,698.0,932.0,844.0,789.0,650.0,96.15,810.0,142.0,143.0,110.0,120.0,91.61,88.54,86.13,-71.53,-84.87,-89.0,5.1,5.35,5.48,5.98,2023-11-16
2022-10-17,675.0,722.0,682.0,932.0,836.0,783.0,635.0,93.75,791.0,143.0,142.0,111.0,118.0,89.4,86.39,84.01,-69.65,-81.47,-86.35,5.11,5.35,5.49,5.95,2023-11-16
2022-10-18,675.0,723.0,681.0,932.0,834.0,764.0,638.0,94.8,800.0,142.0,145.0,112.0,117.0,90.25,87.09,84.68,-76.04,-89.66,-94.3,5.08,5.35,5.52,5.61,2023-11-16
2022-10-19,675.0,725.0,684.0,932.0,834.0,755.0,635.0,,,141.0,141.0,113.0,119.0,,,,,,,5.07,5.3,5.48,5.59,2023-11-16
2022-10-20,664.0,705.0,669.0,921.0,823.0,735.0,622.0,91.4,773.0,150.0,148.0,112.0,124.0,87.71,84.75,82.32,-75.74,-88.45,-94.43,5.16,5.39,5.57,5.7,2023-11-16
2022-10-21,671.0,716.0,680.0,921.0,823.0,746.0,625.0,93.0,786.0,148.0,141.0,115.0,126.0,88.47,85.55,83.16,-73.17,-87.19,-94.46,5.1,5.37,5.54,5.66,2023-11-16
2022-10-24,668.0,718.0,677.0,921.0,823.0,748.0,625.0,,,142.0,138.0,114.0,120.0,88.09,85.06,82.75,-67.1,-81.72,-90.64,5.08,5.33,5.53,5.66,2023-11-16
2022-10-25,653.0,710.0,668.0,921.0,818.0,740.0,617.0,89.5,763.0,136.0,140.0,115.0,120.0,86.53,83.63,81.13,-64.98,-78.64,-85.01,5.09,5.34,5.54,5.68,2023-11-16
2022-10-26,644.0,702.0,662.0,907.0,804.0,732.0,605.0,87.8,749.0,133.0,134.0,113.0,121.0,,,,,,,5.16,5.4,5.59,5.73,2023-11-16
2022-10-27,623.0,675.0,640.0,884.0,781.0,705.0,581.0,82.5,705.0,128.0,127.0,103.0,116.0,79.61,77.01,74.88,-38.95,-49.9,-58.66,5.34,5.54,5.7,5.84,2023-11-16
2022-10-28,596.0,659.0,620.0,857.0,760.0,689.0,556.0,81.85,701.0,118.0,119.0,104.0,114.0,78.73,76.5,74.54,-50.22,-57.69,-67.84,5.36,5.59,5.72,5.88,2023-11-16
2022-10-31,568.0,638.0,608.0,841.0,744.0,668.0,530.0,79.5,683.0,105.0,108.0,99.0,119.0,76.45,74.65,72.81,-50.89,-59.8,-69.4,5.41,5.6,5.72,5.87,2023-11-16
2022-11-01,574.0,647.0,602.0,841.0,757.0,677.0,540.0,80.15,691.0,90.0,98.0,87.0,91.0,77.17,75.11,73.25,-35.83,-43.13,-53.04,5.38,5.55,5.67,5.8,2023-11-16
2022-11-02,573.0,648.0,610.0,835.0,751.0,672.0,540.0,,,88.0,97.0,88.0,98.0,,,,,,,5.39,5.54,5.68,5.82,2023-11-16
2022-11-03,576.0,650.0,612.0,837.0,748.0,672.0,545.0,83.75,724.0,86.0,97.0,84.0,95.0,80.64,78.4,76.57,-61.38,-71.11,-83.18,5.39,5.52,5.67,5.82,2023-11-16
2022-11-04,590.0,670.0,633.0,840.0,768.0,692.0,560.0,88.05,760.0,73.0,85.0,78.0,90.0,84.86,82.24,80.27,-70.45,-80.99,-96.36,5.28,5.38,5.54,5.71,2023-11-16
2022-11-07,587.0,668.0,630.0,840.0,767.0,690.0,557.0,87.95,756.0,71.0,83.0,77.0,87.0,85.03,82.58,80.43,-73.64,-79.05,-94.42,5.28,5.34,5.51,5.7,2023-11-16
2022-11-08,599.0,682.0,640.0,844.0,778.0,706.0,566.0,89.05,764.0,65.0,74.0,74.0,80.0,86.81,84.21,82.21,-67.15,-69.91,-90.07,5.18,5.25,5.38,5.61,2023-11-16
2022-11-09,603.0,687.0,640.0,844.0,781.0,710.0,571.0,,,64.0,73.0,73.0,74.0,,,,,,,5.17,5.23,5.36,5.58,2023-11-16
2022-11-10,590.0,675.0,631.0,833.0,770.0,700.0,561.0,88.15,759.0,60.0,73.0,71.0,74.0,85.71,83.42,81.44,-61.67,-55.49,-75.84,5.22,5.24,5.3,5.52,2023-11-16
2022-11-11,616.0,705.0,660.0,843.0,797.0,730.0,588.0,92.25,788.0,56.0,69.0,71.0,73.0,90.4,87.76,85.79,-69.31,-66.7,-89.58,5.05,5.13,5.22,5.45,2023-11-16
2022-11-14,617.0,713.0,660.0,843.0,810.0,734.0,592.0,95.3,802.0,55.0,72.0,78.0,71.0,92.65,90.55,87.78,-80.33,-76.26,-86.26,5.01,5.13,5.2,5.37,2023-11-16
2022-11-15,620.0,718.0,665.0,843.0,811.0,743.0,599.0,95.7,800.0,50.0,71.0,75.0,68.0,93.8,91.02,88.83,-70.49,-63.71,-77.17,5.0,5.13,5.2,5.36,2023-11-16
2022-11-16,646.0,732.0,680.0,843.0,826.0,755.0,610.0,,,63.0,68.0,75.0,69.0,,,,,,,4.95,5.1,5.19,5.34,2023-11-16
2022-11-17,648.0,738.0,678.0,843.0,826.0,761.0,610.0,98.35,823.0,60.0,62.0,75.0,61.0,96.0,93.21,90.94,-61.3,-59.11,-71.07,4.89,5.04,5.11,5.26,2022-11-17
2022-11-18,653.0,746.0,690.0,843.0,838.0,776.0,622.0,99.1,834.0,52.0,61.0,71.0,60.0,97.82,95.15,92.92,-65.5,-73.68,-89.37,4.84,4.93,5.07,5.25,2022-11-18
2022-11-21,646.0,741.0,680.0,843.0,831.0,761.0,612.0,96.25,813.0,52.0,58.0,73.0,57.0,94.6,92.07,89.95,-52.45,-68.12,-88.59,4.81,4.92,5.11,5.32,2022-11-21
2022-11-22,637.0,725.0,666.0,833.0,821.0,751.0,601.0,94.2,801.0,62.0,67.0,76.0,63.0,92.68,90.12,87.96,-59.25,-72.64,-87.75,4.91,5.07,5.21,5.4,2022-11-22
2022-11-23,642.0,730.0,669.0,833.0,821.0,756.0,601.0,,,60.0,59.0,74.0,58.0,,,,,,,4.85,5.04,5.15,5.34,2022-11-23
2022-11-24,642.0,728.0,668.0,833.0,821.0,755.0,603.0,95.2,805.0,61.0,62.0,73.0,58.0,95.02,92.77,90.72,-71.36,-83.24,-99.73,4.89,5.03,5.17,5.35,2022-11-24
2022-11-25,651.0,750.0,690.0,833.0,836.0,775.0,614.0,99.65,840.0,45.0,48.0,71.0,56.0,98.34,95.81,93.74,-71.22,-82.86,-101.21,4.74,4.93,5.07,5.25,2022-11-25
2022-11-28,650.0,748.0,693.0,833.0,840.0,773.0,613.0,98.9,838.0,46.0,49.0,71.0,61.0,97.36,94.89,92.67,-70.41,-77.42,-93.95,4.76,4.95,5.05,5.24,2022-11-28
2022-11-29,656.0,763.0,705.0,848.0,854.0,785.0,633.0,101.25,862.0,38.0,56.0,72.0,59.0,99.9,97.3,95.08,-80.16,-81.01,-92.95,4.69,4.89,4.98,5.13,2022-11-29
2022-11-30,661.0,762.0,702.0,848.0,853.0,785.0,625.0,,,45.0,49.0,73.0,57.0,,,,,,,4.65,4.87,4.95,5.08,2022-11-30
2022-12-01,661.0,762.0,701.0,848.0,852.0,785.0,625.0,103.1,868.0,47.0,51.0,75.0,59.0,101.9,99.39,97.07,-97.9,-90.54,-97.73,4.65,4.89,4.95,5.07,2022-12-01
2022-12-02,674.0,780.0,721.0,858.0,874.0,803.0,638.0,107.3,893.0,41.0,45.0,74.0,59.0,105.92,103.43,101.1,-102.99,-92.95,-102.2,4.57,4.81,4.9,5.03,2022-12-02
2022-12-05,681.0,789.0,745.0,869.0,885.0,814.0,655.0,109.6,910.0,40.0,55.0,76.0,77.0,108.35,106.06,103.87,-106.18,-103.93,-113.47,4.55,4.74,4.88,5.01,2022-12-05
2022-12-06,687.0,788.0,745.0,869.0,885.0,813.0,655.0,109.7,903.0,47.0,55.0,75.0,77.0,108.2,106.17,104.13,-103.06,-102.41,-113.69,4.55,4.77,4.88,5.02,2022-12-06
2022-12-07,685.0,782.0,730.0,859.0,875.0,805.0,647.0,,,50.0,52.0,74.0,67.0,,,,,,,4.57,4.8,4.94,5.11,2022-12-07
2022-12-08,694.0,798.0,750.0,869.0,890.0,817.0,655.0,110.7,909.0,36.0,37.0,67.0,64.0,109.04,106.81,104.83,-86.2,-92.57,-105.91,4.48,4.72,4.86,5.01,2022-12-08
2022-12-09,711.0,825.0,774.0,879.0,920.0,847.0,675.0,112.4,922.0,29.0,32.0,71.0,64.0,111.52,109.07,106.78,-75.16,-81.39,-89.38,4.39,4.7,4.84,4.96,2022-12-09
2022-12-12,702.0,813.0,768.0,869.0,910.0,832.0,665.0,110.25,905.0,29.0,31.0,68.0,68.0,109.39,107.0,104.76,-68.18,-76.89,-81.77,4.49,4.72,4.9,5.01,2022-12-12
2022-12-13,704.0,815.0,762.0,869.0,910.0,833.0,662.0,110.3,907.0,27.0,24.0,66.0,57.0,108.88,106.43,104.33,-59.39,-66.13,-75.62,4.47,4.68,4.87,5.0,2022-12-13
2022-12-14,705.0,815.0,765.0,869.0,900.0,833.0,661.0,,,29.0,24.0,67.0,61.0,,,,,,,4.5,4.73,5.02,5.08,2022-12-14
2022-12-15,723.0,832.0,781.0,879.0,916.0,852.0,678.0,113.15,925.0,28.0,21.0,65.0,58.0,111.5,108.74,106.37,-60.11,-62.42,-69.8,4.5,4.72,4.92,5.05,2022-12-15
2022-12-16,715.0,823.0,775.0,874.0,911.0,845.0,672.0,112.7,927.0,27.0,23.0,63.0,59.0,111.26,108.61,106.29,-63.81,-68.04,-76.36,4.58,4.75,4.93,5.08,2022-12-16
2022-12-19,700.0,800.0,756.0,856.0,892.0,823.0,654.0,109.2,899.0,36.0,28.0,63.0,64.0,107.57,104.94,102.7,-65.34,-72.1,-80.93,4.69,4.78,4.95,5.1,2022-12-19
2022-12-20,704.0,808.0,761.0,861.0,900.0,830.0,662.0,110.5,910.0,34.0,31.0,65.0,63.0,109.31,106.54,104.13,-72.5,-73.17,-81.68,4.64,4.77,4.9,5.05,2022-12-20
2022-12-21,720.0,825.0,776.0,875.0,917.0,844.0,673.0,,,32.0,23.0,64.0,59.0,,,,,,,4.59,4.72,4.87,5.02,2022-12-21
2022-12-22,715.0,818.0,773.0,866.0,908.0,841.0,666.0,111.65,918.0,41.0,30.0,71.0,71.0,110.84,109.42,,-78.36,-81.68,,4.63,4.75,4.85,5.01,2022-12-22
2022-12-23,710.0,821.0,777.0,868.0,910.0,844.0,672.0,112.5,925.0,784.0,785.0,823.0,824.0,110.55,109.48,,-825.12,-75.44,,4.63,47.75,4.85,5.01,2022-12-23
2022-12-26,714.0,823.0,779.0,868.0,910.0,847.0,672.0,,,33.0,29.0,69.0,70.0,110.88,107.9,,-73.18,-61.17,,4.62,4.76,4.84,5.0,2022-12-26
2022-12-27,716.0,829.0,789.0,868.0,920.0,850.0,680.0,114.65,939.0,36.0,39.0,76.0,81.0,113.42,107.9,,-93.91,-53.36,,4.61,4.82,4.86,5.0,2022-12-27
2022-12-28,717.0,829.0,789.0,868.0,920.0,850.0,678.0,,,37.0,36.0,76.0,81.0,,,,,,,4.61,4.82,4.85,4.98,2022-12-28
2022-12-29,725.0,839.0,797.0,878.0,930.0,860.0,691.0,115.55,949.0,38.0,44.0,80.0,83.0,115.1,109.9,109.93,-98.29,-58.35,-84.58,4.55,4.78,4.79,4.92,2022-12-29
2022-12-30,735.0,854.0,812.0,892.0,944.0,875.0,704.0,117.35,962.0,30.0,39.0,78.0,80.0,117.15,113.87,111.91,-96.92,-73.05,-83.09,4.52,4.79,4.76,4.88,2022-12-30
2023-01-03,726.0,848.0,800.0,907.0,937.0,875.0,698.0,117.65,962.0,22.0,34.0,73.0,69.0,117.14,114.6,111.91,-96.39,-88.4,-88.73,4.57,4.73,4.77,4.87,2023-01-03
2023-01-04,728.0,843.0,795.0,922.0,937.0,870.0,700.0,117.0,952.0,30.0,41.0,73.0,69.0,116.05,112.76,110.25,-91.07,,-79.04,4.6,4.73,4.26,4.85,2023-01-04
2023-01-05,728.0,836.0,795.0,922.0,931.0,864.0,694.0,,,49.0,54.0,84.0,88.0,115.61,112.38,,-102.12,-75.89,,4.62,4.84,4.78,4.85,2023-01-05
2023-01-06,749.0,849.0,805.0,942.0,942.0,884.0,705.0,119.8,1245.0,60.0,54.0,86.0,86.0,,,,,,,4.57,4.85,4.8,4.9,2023-01-06
2023-01-09,740.0,825.0,781.0,932.0,915.0,857.0,688.0,118.7,954.0,71.0,56.0,81.0,82.0,118.03,114.83,112.37,-396.77,-371.55,-370.77,4.7,4.96,4.97,5.06,2023-01-09
2023-01-10,750.0,840.0,793.0,952.0,935.0,873.0,701.0,122.15,971.0,66.0,55.0,82.0,79.0,120.0,117.65,115.15,-118.17,-106.05,-112.76,4.61,4.93,4.91,5.0,2023-01-10
2023-01-11,755.0,848.0,803.0,962.0,947.0,885.0,714.0,124.0,987.0,70.0,67.0,88.0,87.0,121.5,119.54,117.0,-118.27,-103.79,-109.89,4.59,5.05,4.91,5.0,2023-01-11
2023-01-12,768.0,854.0,811.0,967.0,957.0,892.0,725.0,,,68.0,62.0,79.0,80.0,,,,,,,4.56,4.98,4.83,4.94,2023-01-12
2023-01-13,786.0,875.0,832.0,977.0,971.0,910.0,747.0,127.0,1004.0,85.0,69.0,48.0,100.0,122.86,120.14,,-96.61,-102.81,,4.45,4.74,4.83,,2023-01-13
2023-01-16,755.0,836.0,794.0,957.0,944.0,876.0,708.0,120.75,954.0,100.0,75.0,54.0,107.0,116.96,114.28,,-94.86,-102.98,,4.66,4.92,5.03,,2023-01-16
2023-01-17,760.0,839.0,800.0,957.0,948.0,879.0,710.0,121.5,961.0,103.0,75.0,55.0,111.0,115.42,112.91,118.15,-78.61,-88.06,-150.82,4.64,4.93,5.04,5.12,2023-01-17
2023-01-18,760.0,848.0,804.0,957.0,949.0,888.0,719.0,122.7,975.0,96.0,78.0,58.0,109.0,117.2,114.69,119.81,-86.76,-93.7,-160.09,4.59,4.96,5.04,5.12,2023-01-18
2023-01-19,765.0,858.0,813.0,971.0,963.0,898.0,724.0,,,91.0,73.0,58.0,108.0,,,,,,,4.54,4.92,5.01,5.12,2023-01-19
2023-01-20,770.0,863.0,818.0,976.0,968.0,903.0,729.0,126.65,1007.0,84.0,66.0,51.0,100.0,118.46,123.76,0.0,-119.41,-127.54,-137.88,4.51,4.83,4.94,5.05,2023-01-20
2023-01-30,794.0,882.0,840.0,1002.0,994.0,922.0,755.0,129.8,1030.0,102.0,85.0,63.0,116.0,121.32,126.6,0.0,-133.03,-147.76,-156.64,4.51,4.81,4.96,5.05,2023-01-30
2023-01-31,792.0,877.0,835.0,1002.0,994.0,922.0,751.0,128.95,1023.0,107.0,89.0,65.0,118.0,119.94,125.65,0.0,-132.18,-145.29,-150.55,4.54,4.78,4.93,5.02,2023-01-31
2023-02-01,792.0,878.0,836.0,1002.0,992.0,928.0,748.0,126.7,1004.0,106.0,84.0,66.0,118.0,119.08,124.63,0.0,-123.08,-138.26,-147.18,4.49,4.71,4.86,4.97,2023-02-01
2023-02-02,776.0,859.0,819.0,992.0,973.0,909.0,738.0,125.15,987.0,114.0,99.0,70.0,125.0,,,,,,,4.59,4.8,4.96,5.1,2023-02-02
2023-02-03,780.0,868.0,829.0,1002.0,981.0,920.0,743.0,126.25,999.0,106.0,92.0,68.0,124.0,123.19,120.27,117.57,-118.98,-133.33,-143.85,4.48,4.75,4.92,5.04,2023-02-03
2023-02-06,780.0,868.0,828.0,1002.0,980.0,918.0,740.0,124.05,988.0,106.0,89.0,68.0,123.0,121.52,118.3,115.63,-109.77,-121.76,-130.43,4.49,4.74,4.91,5.03,2023-02-06
2023-02-07,773.0,857.0,817.0,1002.0,967.0,907.0,737.0,121.7,973.0,112.0,99.0,69.0,124.0,119.27,116.21,113.68,-110.43,-125.0,-137.14,4.52,4.78,4.97,5.1,2023-02-07
2023-02-08,785.0,862.0,825.0,1013.0,975.0,912.0,740.0,122.9,979.0,117.0,95.0,67.0,125.0,119.62,116.5,113.98,-108.71,-122.75,-134.9,4.49,4.78,4.96,5.09,2023-02-08
2023-02-09,795.0,875.0,835.0,1028.0,985.0,925.0,753.0,,,113.0,94.0,66.0,121.0,,,,,,,4.46,4.73,4.91,5.04,2023-02-09
2023-02-10,795.0,878.0,836.0,1030.0,987.0,929.0,753.0,126.1,1005.0,113.0,93.0,69.0,121.0,122.74,119.26,116.65,-116.32,-129.11,-139.59,4.44,4.72,4.89,5.01,2023-02-10
2023-02-13,785.0,855.0,814.0,1015.0,965.0,906.0,739.0,121.85,976.0,124.0,100.0,66.0,120.0,119.33,114.85,112.01,-111.87,-123.5,-132.22,4.52,4.75,4.97,5.08,2023-02-13
2023-02-14,795.0,869.0,830.0,1035.0,985.0,920.0,745.0,123.75,991.0,120.0,92.0,66.0,122.0,121.42,116.91,114.09,-116.56,-129.33,-141.61,4.45,4.7,4.91,5.05,2023-02-14
2023-02-15,802.0,878.0,839.0,1045.0,989.0,928.0,755.0,123.6,990.0,119.0,93.0,67.0,123.0,121.12,117.47,114.38,-105.05,-127.94,-142.65,4.41,4.7,4.92,5.08,2023-02-15
2023-02-16,814.0,885.0,846.0,1018.0,996.0,935.0,767.0,,,117.0,92.0,60.0,116.0,,,,,,,4.45,4.71,4.95,5.12,2023-02-16
2023-02-17,820.0,893.0,854.0,1053.0,1004.0,943.0,775.0,127.3,1026.0,114.0,91.0,60.0,115.0,124.73,121.26,118.17,-114.24,-140.37,-155.45,4.41,4.68,4.9,5.06,2023-02-17
2023-02-20,835.0,898.0,858.0,1053.0,1005.0,948.0,785.0,129.55,1043.0,127.0,98.0,61.0,115.0,126.68,123.26,120.28,-126.84,-154.31,-173.69,4.42,4.68,4.91,5.09,2023-02-20
2023-02-21,855.0,919.0,878.0,1063.0,1025.0,969.0,800.0,131.85,1059.0,124.0,89.0,59.0,111.0,129.46,126.21,122.96,-123.18,-160.47,-180.26,4.35,4.63,4.9,5.08,2023-02-21
2023-02-22,850.0,913.0,875.0,1053.0,1007.0,963.0,795.0,130.6,1053.0,128.0,93.0,61.0,117.0,128.55,125.3,122.05,-124.37,-162.69,-183.51,4.41,4.66,4.94,5.14,2023-02-22
2023-02-23,848.0,912.0,874.0,1053.0,1005.0,962.0,797.0,,,126.0,96.0,61.0,117.0,,,,,,,4.44,4.65,4.89,5.02,2023-02-23
2023-02-24,845.0,910.0,871.0,1053.0,1004.0,950.0,800.0,126.65,1025.0,122.0,98.0,58.0,113.0,125.26,122.04,118.85,-105.55,-131.43,-142.55,4.41,4.64,4.85,4.98,2023-02-24
2023-02-27,835.0,894.0,854.0,1038.0,985.0,939.0,785.0,122.5,1001.0,135.0,106.0,65.0,119.0,118.06,118.06,121.19,-72.24,-121.74,-180.12,4.48,4.73,4.95,5.07,2023-02-27
2023-02-28,840.0,895.0,860.0,1038.0,988.0,940.0,788.0,124.1,1013.0,138.0,106.0,63.0,122.0,119.57,119.57,122.59,-89.52,-141.52,-200.76,4.46,4.7,4.93,5.07,2023-02-28
2023-03-01,853.0,915.0,875.0,1048.0,1000.0,960.0,800.0,126.8,1032.0,132.0,99.0,65.0,118.0,125.28,122.08,118.86,-113.66,-144.52,-156.72,4.39,4.64,4.88,5.02,2023-03-01
2023-03-02,858.0,918.0,877.0,1048.0,1005.0,963.0,805.0,,,133.0,101.0,64.0,117.0,,,,,,,4.39,4.63,4.88,5.02,2023-03-02
2023-03-03,865.0,924.0,883.0,1048.0,1013.0,969.0,807.0,127.45,1033.0,135.0,96.0,64.0,117.0,124.38,121.31,117.84,-86.09,-122.22,-133.24,4.39,4.65,4.91,5.05,2023-03-03
2023-03-06,849.0,906.0,865.0,1033.0,998.0,936.0,790.0,125.35,1015.0,139.0,100.0,66.0,119.0,123.39,120.04,116.49,-104.7,-130.04,-137.31,4.46,4.69,4.92,5.04,2023-03-06
2023-03-07,854.0,916.0,876.0,1043.0,1009.0,946.0,800.0,128.0,1038.0,132.0,98.0,65.0,118.0,126.01,122.5,118.79,-110.3,-137.95,-146.05,4.44,4.67,4.91,5.04,2023-03-07
2023-03-08,858.0,918.0,876.0,1043.0,1009.0,950.0,800.0,127.9,1043.0,134.0,96.0,64.0,116.0,125.93,122.33,118.81,-110.1,-139.46,-150.96,4.43,4.66,4.89,5.04,2023-03-08
2023-03-09,863.0,921.0,880.0,1043.0,1013.0,953.0,801.0,,,135.0,92.0,63.0,116.0,,,,,,,4.42,4.71,4.91,5.05,2023-03-09
2023-03-10,861.0,920.0,880.0,1043.0,1010.0,952.0,800.0,129.95,1061.0,139.0,98.0,69.0,122.0,127.72,123.88,120.35,-133.44,-157.72,-170.93,4.44,4.74,4.93,5.07,2023-03-10
2023-03-13,875.0,935.0,890.0,1063.0,1030.0,967.0,807.0,132.35,1076.0,136.0,86.0,66.0,114.0,130.48,126.45,122.7,-136.01,-156.79,-172.77,4.43,4.71,4.87,5.04,2023-03-13
2023-03-14,875.0,928.0,886.0,1063.0,1030.0,960.0,800.0,133.0,1074.0,145.0,88.0,67.0,119.0,130.73,126.63,122.88,-142.84,-169.2,-187.3,4.48,4.75,5.01,5.19,2023-03-14
2023-03-15,879.0,933.0,889.0,1068.0,1034.0,965.0,800.0,133.1,1071.0,143.0,81.0,66.0,115.0,131.21,127.14,123.28,-133.79,-160.08,-178.5,4.44,4.68,4.91,5.1,2023-03-15
2023-03-16,873.0,915.0,873.0,1053.0,1016.0,45.0,780.0,,,160.0,84.0,71.0,123.0,,,,,,,4.47,4.66,4.94,5.12,2023-03-16
2023-03-17,885.0,924.0,881.0,1063.0,1030.0,954.0,794.0,132.0,1068.0,161.0,86.0,68.0,118.0,129.68,125.23,121.12,-136.3,-169.03,-182.41,4.43,4.66,4.93,5.1,2023-03-17
2023-03-20,868.0,902.0,862.0,1048.0,1008.0,932.0,769.0,126.5,1020.0,174.0,91.0,76.0,130.0,124.56,120.08,116.03,-126.93,-158.97,-167.87,4.51,4.75,5.05,5.2,2023-03-20
2023-03-21,860.0,893.0,854.0,1038.0,1001.0,924.0,763.0,124.7,1007.0,169.0,89.0,70.0,125.0,122.39,117.89,113.81,-109.04,-143.11,-151.44,4.51,4.73,5.03,5.18,2023-03-21
2023-03-22,865.0,900.0,861.0,1045.0,1008.0,931.0,768.0,121.4,981.0,188.0,108.0,91.0,146.0,119.07,114.55,110.47,-97.7,-137.08,-143.38,4.46,4.8,5.16,5.31,2023-03-22
2023-03-23,853.0,885.0,843.0,1023.0,985.0,915.0,755.0,,,186.0,105.0,86.0,138.0,,,,,,,4.49,4.77,5.19,5.34,2023-03-23
2023-03-24,848.0,884.0,843.0,1018.0,986.0,911.0,755.0,121.1,974.0,168.0,92.0,73.0,126.0,118.3,113.41,109.26,-90.0,-128.03,-134.81,4.48,4.74,5.14,5.29,2023-03-24
2023-03-27,857.0,890.0,848.0,1023.0,992.0,917.0,760.0,121.65,983.0,171.0,91.0,72.0,124.0,119.2,114.32,110.22,-85.47,-122.27,-130.59,4.45,4.7,5.08,5.25,2023-03-27
2023-03-28,863.0,900.0,854.0,1033.0,1002.0,927.0,766.0,123.7,999.0,169.0,89.0,75.0,122.0,121.28,116.74,112.71,-97.7,-138.45,-148.16,4.42,4.69,5.09,5.26,2023-03-28
2023-03-29,865.0,909.0,863.0,1038.0,1008.0,936.0,775.0,125.1,1010.0,163.0,90.0,76.0,123.0,122.85,118.33,114.27,-101.88,-145.76,-156.72,4.38,4.66,5.07,5.26,2023-03-29
2023-03-30,875.0,916.0,872.0,1050.0,1020.0,943.0,780.0,,,159.0,81.0,69.0,118.0,,,,,,,4.37,4.6,5.0,,2023-03-30
2023-03-31,875.0,917.0,870.0,1050.0,1020.0,950.0,788.0,127.3,1026.0,158.0,88.0,68.0,115.0,125.32,120.38,116.39,-106.51,-145.05,-155.99,4.37,4.59,4.98,5.15,2023-03-31
2023-04-03,858.0,902.0,860.0,1038.0,997.0,934.0,775.0,122.4,990.0,155.0,90.0,68.0,120.0,120.8,115.95,111.84,-85.51,-130.35,-139.94,4.37,4.54,4.97,5.15,2023-04-03
2023-04-04,854.0,892.0,845.0,1028.0,991.0,925.0,763.0,121.1,978.0,160.0,86.0,66.0,113.0,117.85,112.92,108.84,-72.78,-118.45,-128.73,4.36,4.56,4.98,5.17,2023-04-04
2023-04-06,850.0,890.0,842.0,1018.0,988.0,923.0,755.0,119.6,967.0,162.0,83.0,70.0,116.0,117.51,112.35,108.44,-74.73,-117.17,-128.82,4.33,4.55,4.97,5.16,2023-04-06
2023-04-07,855.0,898.0,851.0,1023.0,999.0,928.0,768.0,,,155.0,86.0,67.0,114.0,,,,,,,4.33,4.54,5.01,5.23,2023-04-07
2023-04-10,845.0,885.0,839.0,1013.0,985.0,915.0,755.0,119.65,968.0,151.0,78.0,60.0,108.0,117.49,111.97,107.78,-71.42,-131.98,-147.39,4.33,4.52,5.03,5.25,2023-04-10
2023-04-11,855.0,895.0,845.0,1018.0,990.0,925.0,767.0,122.0,988.0,147.0,76.0,56.0,99.0,119.75,113.72,108.84,-73.0,-123.14,-141.22,4.27,4.45,4.93,5.2,2023-04-11
2023-04-12,854.0,887.0,841.0,1013.0,984.0,918.0,758.0,120.75,977.0,153.0,74.0,54.0,102.0,118.23,112.34,107.64,-70.26,-124.42,-139.33,4.31,4.45,4.95,5.2,2023-04-12
2023-04-13,845.0,875.0,831.0,1003.0,975.0,905.0,746.0,118.95,961.0,153.0,70.0,50.0,100.0,116.4,110.48,105.7,-64.65,-128.59,-146.9,4.33,4.47,5.05,5.33,2023-04-13
2023-04-17,851.0,884.0,840.0,1013.0,983.0,915.0,747.0,120.0,969.0,148.0,60.0,49.0,99.0,116.77,109.58,104.6,-53.26,-112.02,-127.91,4.31,4.45,5.07,5.34,2023-04-17
2023-04-18,854.0,893.0,845.0,1018.0,988.0,923.0,752.0,120.45,975.0,140.0,55.0,48.0,94.0,117.72,109.68,104.42,-50.59,-105.2,-120.38,4.29,4.41,5.04,5.31,2023-04-18
2023-04-19,853.0,886.0,841.0,1013.0,980.0,917.0,748.0,120.7,975.0,137.0,48.0,38.0,87.0,117.36,108.89,103.46,-47.09,-107.23,-117.0,4.3,4.37,5.05,5.3,2023-04-19
2023-04-20,847.0,875.0,831.0,1006.0,973.0,907.0,739.0,118.2,959.0,140.0,48.0,36.0,86.0,115.37,106.84,101.24,-40.53,-106.28,-111.79,4.32,4.4,5.14,5.39,2023-04-20
2023-04-21,820.0,837.0,793.0,966.0,926.0,869.0,705.0,112.15,909.0,146.0,47.0,29.0,81.0,108.08,100.9,96.08,-22.54,-94.07,-96.99,4.46,4.46,5.22,5.42,2023-04-21
2023-04-24,789.0,807.0,760.0,936.0,898.0,839.0,674.0,106.8,869.0,146.0,47.0,31.0,79.0,103.91,97.27,92.84,-21.27,-72.19,-80.27,4.47,4.52,5.15,5.38,2023-04-24
2023-04-25,783.0,803.0,755.0,926.0,890.0,835.0,665.0,104.35,850.0,146.0,44.0,33.0,81.0,102.44,95.5,91.12,-17.81,-69.83,-76.76,4.49,4.53,5.18,5.4,2023-04-25
2023-04-26,790.0,811.0,763.0,926.0,895.0,843.0,670.0,107.65,880.0,150.0,46.0,38.0,85.0,105.18,98.02,93.54,-35.27,-84.07,-90.21,4.45,4.5,5.19,5.4,2023-04-26
2023-04-27,797.0,818.0,770.0,926.0,895.0,850.0,675.0,,,139.0,33.0,27.0,74.0,,,,,,,4.43,4.38,5.17,5.41,2023-04-27
2023-05-04,774.0,792.0,746.0,903.0,878.0,824.0,657.0,104.05,850.0,113.0,13.0,-2.0,48.0,102.77,94.33,89.56,-2.08,-77.55,-81.23,4.48,4.24,5.18,5.4,2023-05-04
2023-05-05,758.0,779.0,744.0,893.0,875.0,801.0,642.0,103.65,847.0,114.0,14.0,2.0,64.0,102.33,94.18,89.63,-14.49,-75.4,-79.89,4.47,4.31,5.19,5.4,2023-05-05
2023-05-08,769.0,798.0,740.0,908.0,889.0,820.0,658.0,109.95,897.0,97.0,3.0,-6.0,30.0,107.73,100.16,95.17,-28.36,-98.74,-105.77,4.48,4.25,5.17,5.4,2023-05-08
2023-05-09,759.0,790.0,740.0,899.0,880.0,812.0,658.0,106.0,868.0,80.0,-3.0,-21.0,24.0,105.2,96.82,89.63,-3.12,-80.63,-67.45,4.52,4.19,5.17,5.39,2023-05-09
2023-05-10,761.0,790.0,739.0,899.0,880.0,812.0,660.0,107.5,880.0,100.0,17.0,-3.0,41.0,106.32,97.79,89.63,-31.04,-79.29,-63.93,4.49,4.22,5.09,5.36,2023-05-10
2023-05-11,749.0,765.0,721.0,884.0,860.0,795.0,643.0,102.85,841.0,109.0,20.0,-9.0,44.0,103.08,93.24,88.29,-28.2,-69.64,-74.38,4.63,4.26,5.15,5.39,2023-05-11
2023-05-12,744.0,764.0,715.0,884.0,858.0,789.0,647.0,103.05,847.0,88.0,10.0,-25.0,22.0,103.68,93.71,88.91,-15.58,-72.73,-78.75,4.53,4.1,5.13,5.38,2023-05-12
2023-05-15,767.0,790.0,741.0,904.0,880.0,810.0,663.0,108.4,891.0,114.0,28.0,4.0,51.0,107.09,98.61,93.48,-47.3,-87.22,-93.94,4.44,4.19,5.06,5.32,2023-05-15
2023-05-16,760.0,787.0,734.0,904.0,880.0,807.0,662.0,108.4,889.0,99.0,19.0,-6.0,36.0,107.07,98.66,93.53,-41.74,-91.04,-100.17,4.43,4.2,5.03,5.31,2023-05-16
2023-05-17,768.0,804.0,747.0,924.0,900.0,824.0,675.0,111.0,913.0,108.0,33.0,12.0,50.0,108.53,101.69,93.53,-51.41,-89.19,-86.6,4.37,4.28,4.97,5.32,2023-05-17
2023-05-18,763.0,801.0,748.0,924.0,900.0,821.0,674.0,110.3,910.0,195.0,125.0,101.0,144.0,95.23,91.53,-84.3,-103.56,-100.4,4.41,4.94,5.29,5.42,,2023-05-18
2023-05-19,759.0,793.0,740.0,924.0,894.0,816.0,665.0,108.4,900.0,201.0,125.0,103.0,145.0,93.81,90.18,-85.75,-104.69,-100.99,4.41,4.95,5.31,5.44,,2023-05-19
2023-05-22,751.0,774.0,726.0,914.0,875.0,797.0,652.0,104.85,869.0,212.0,131.0,102.0,150.0,95.99,90.82,87.3,-85.14,-99.54,-95.05,4.45,4.98,5.3,5.42,2023-05-22
2023-05-23,747.0,768.0,720.0,909.0,867.0,791.0,640.0,102.4,852.0,216.0,127.0,105.0,153.0,95.99,88.36,84.81,-91.98,-83.5,-78.35,4.48,5.07,5.38,5.5,2023-05-23
2023-05-24,723.0,747.0,705.0,889.0,850.0,773.0,630.0,97.35,814.0,215.0,141.0,106.0,161.0,93.69,88.36,84.81,-100.04,-104.68,-96.97,4.48,5.08,5.37,5.51,2023-05-24
2023-05-25,723.0,750.0,708.0,892.0,853.0,776.0,630.0,98.31,822.0,216.0,142.0,111.0,166.0,89.72,87.87,81.39,-72.36,-107.11,-74.45,4.4,5.04,5.36,5.47,2023-05-25
2023-05-26,748.0,775.0,729.0,908.0,873.0,801.0,648.0,102.45,857.0,215.0,133.0,110.0,160.0,94.28,89.39,85.77,-79.89,-92.92,-85.07,4.32,4.92,5.22,5.34,2023-05-26
2023-05-29,748.0,783.0,735.0,913.0,880.0,809.0,653.0,104.45,871.0,206.0,129.0,109.0,157.0,96.12,91.18,87.49,-87.56,-104.06,-100.06,4.27,4.88,5.22,5.37,2023-05-29
2023-05-30,727.0,775.0,728.0,908.0,874.0,801.0,650.0,102.65,859.0,194.0,138.0,112.0,161.0,94.72,89.74,86.11,-85.89,-101.17,-95.23,4.29,4.89,5.22,5.36,2023-05-30
2023-05-31,728.0,777.0,725.0,908.0,875.0,804.0,650.0,103.2,864.0,192.0,134.0,111.0,154.0,94.54,89.74,86.11,-83.55,-101.14,-98.09,4.25,4.87,5.2,5.36,2023-05-31
2023-06-01,750.0,802.0,746.0,918.0,895.0,829.0,673.0,104.35,875.0,184.0,127.0,106.0,145.0,98.17,89.55,88.83,-80.63,-71.15,-91.89,4.19,4.77,5.09,5.25,2023-06-01
2023-06-02,750.0,803.0,750.0,923.0,900.0,829.0,678.0,,,181.0,130.0,105.0,147.0,98.17,92.87,89.35,-79.73,-94.73,-94.0,4.24,4.82,5.12,5.29,2023-06-02
2023-06-05,762.0,814.0,760.0,933.0,910.0,841.0,685.0,109.0,911.0,181.0,124.0,103.0,144.0,99.86,94.09,90.36,-79.49,-92.74,-89.34,4.25,4.79,5.08,5.23,2023-06-05
2023-06-08,785.0,840.0,787.0,953.0,940.0,866.0,703.0,114.5,960.0,174.0,112.0,100.0,141.0,103.46,97.01,93.12,-79.35,-98.96,-102.16,4.14,4.62,4.93,5.11,2023-06-08
2023-06-09,796.0,853.0,797.0,968.0,952.0,879.0,719.0,116.25,972.0,166.0,108.0,93.0,131.0,105.91,99.58,95.58,-79.07,-106.58,-130.36,4.11,4.57,4.93,5.25,2023-06-09
2023-06-12,785.0,835.0,780.0,958.0,935.0,861.0,700.0,112.4,942.0,180.0,114.0,100.0,139.0,108.49,102.25,98.22,-124.33,-147.18,-148.8,4.17,4.65,5.01,5.18,2023-06-12
2023-06-13,790.0,847.0,789.0,974.0,951.0,872.0,709.0,112.9,950.0,169.0,108.0,97.0,133.0,105.05,99.17,95.25,-81.83,-106.52,-108.47,4.17,4.67,5.01,5.16,2023-06-13
2023-06-14,794.0,853.0,793.0,952.0,952.0,879.0,717.0,114.3,962.0,171.0,113.0,101.0,134.0,107.82,102.01,98.06,-104.61,-131.67,-134.75,4.16,4.65,5.01,5.17,2023-06-14
2023-06-15,795.0,860.0,800.0,979.0,961.0,886.0,723.0,115.4,970.0,161.0,109.0,97.0,131.0,103.06,99.1,-102.77,,,,4.12,4.61,4.97,5.17,2023-06-15
2023-06-16,788.0,860.0,802.0,979.0,961.0,886.0,725.0,115.5,968.0,154.0,111.0,98.0,133.0,109.56,103.76,99.8,-108.05,-139.2,-145.71,4.18,4.66,5.03,5.23,2023-06-16
2023-06-19,784.0,856.0,800.0,979.0,955.0,882.0,720.0,115.15,964.0,155.0,112.0,99.0,137.0,109.74,104.09,100.0,-112.53,-141.01,-146.07,4.18,4.63,5.0,5.19,2023-06-19
2023-06-20,777.0,855.0,796.0,979.0,955.0,882.0,719.0,114.75,961.0,150.0,113.0,101.0,135.0,110.0,104.24,100.27,-116.53,-141.19,-146.24,4.17,4.64,4.97,5.15,2023-06-20
2023-06-21,775.0,850.0,790.0,975.0,952.0,876.0,718.0,112.4,950.0,157.0,121.0,104.0,138.0,109.37,103.87,99.88,-120.46,-145.21,-149.11,4.12,4.62,4.95,5.13,2023-06-21
2023-06-26,775.0,846.0,790.0,968.0,944.0,872.0,715.0,109.45,929.0,157.0,119.0,100.0,138.0,105.56,100.46,96.43,-97.39,-126.02,-128.82,4.1,4.6,4.94,5.12,2023-06-26
2023-06-27,794.0,870.0,814.0,993.0,969.0,896.0,730.0,113.95,966.0,151.0,108.0,100.0,137.0,100.47,96.57,-73.75,-102.56,-112.8,,4.06,,4.83,,2023-06-27
2023-06-28,798.0,875.0,817.0,993.0,976.0,901.0,735.0,113.5,963.0,149.0,107.0,99.0,134.0,104.22,100.29,-98.3,-128.09,-139.07,,4.04,,4.8,,2023-06-28
2023-06-29,797.0,874.0,814.0,1003.0,995.0,900.0,738.0,,,148.0,110.0,98.0,131.0,105.0,101.12,-104.61,-133.48,-145.37,,4.05,,4.79,,2023-06-29
2023-06-30,794.0,867.0,807.0,1003.0,995.0,893.0,736.0,,,153.0,116.0,98.0,131.0,103.97,100.04,-107.66,-134.34,-146.28,,4.09,,,,2023-06-30
2023-07-14,801.0,883.0,813.0,1023.0,1015.0,914.0,755.0,115.8,971.0,134.0,110.0,89.0,111.0,108.03,102.29,97.91,-85.06,-121.52,-126.5,3.98,4.45,4.85,5.0,2023-07-14
2023-07-17,793.0,871.0,806.0,1018.0,1010.0,902.0,740.0,115.05,965.0,142.0,110.0,92.0,120.0,112.07,106.0,101.39,-94.81,-130.75,-131.99,3.99,4.43,4.81,4.98,2023-07-17
2023-07-18,795.0,880.0,814.0,1023.0,1015.0,911.0,750.0,115.85,973.0,131.0,109.0,90.0,116.0,110.32,104.16,99.45,-94.56,-122.92,-121.46,3.97,4.44,4.83,5.01,2023-07-18
2023-07-19,785.0,872.0,803.0,1018.0,1010.0,908.0,740.0,114.0,959.0,131.0,109.0,92.0,115.0,111.61,105.19,100.52,-92.56,-121.81,-123.67,4.01,4.49,4.86,5.03,2023-07-19
2023-07-20,801.0,886.0,817.0,1028.0,1015.0,922.0,752.0,116.25,977.0,134.0,106.0,92.0,115.0,110.34,103.65,99.04,-94.91,-117.39,-117.67,3.96,4.45,4.83,4.98,2023-07-20
2023-07-21,799.0,885.0,,1023.0,1010.0,921.0,745.0,115.35,969.0,134.0,,102.0,,106.27,101.52,-100.42,,,,3.99,,,,2023-07-21
2023-07-28,785.0,872.0,805.0,1013.0,975.0,908.0,738.0,109.4,920.0,131.0,106.0,91.0,117.0,104.0,99.23,-73.07,-116.51,-112.59,4.09,4.61,5.22,5.26,,2023-07-28
2023-07-31,789.0,877.0,813.0,1016.0,980.0,913.0,738.0,110.05,925.0,128.0,99.0,90.0,119.0,101.03,96.34,-63.39,-112.42,-98.12,4.07,4.57,5.13,5.16,,2023-07-31
2023-08-01,789.0,876.0,816.0,1016.0,980.0,912.0,735.0,109.55,920.0,131.0,99.0,92.0,125.0,101.67,96.94,-61.55,-104.2,-91.09,4.07,4.61,5.17,5.19,,2023-08-01
2023-08-02,786.0,866.0,807.0,1006.0,970.0,902.0,727.0,106.95,901.0,135.0,98.0,88.0,123.0,100.33,95.67,-53.57,-95.16,-84.12,4.11,4.57,5.11,5.14,,2023-08-02
2023-08-03,760.0,840.0,781.0,991.0,941.0,876.0,705.0,103.75,876.0,127.0,94.0,80.0,115.0,98.32,93.86,-44.91,-85.41,-73.44,4.17,4.6,5.18,5.21,,2023-08-03
2023-08-04,768.0,850.0,786.0,996.0,950.0,886.0,706.0,105.05,886.0,129.0,88.0,84.0,113.0,96.05,92.4,-41.29,-91.98,-83.99,4.12,4.57,5.17,5.19,,2023-08-04
2023-08-10,785.0,830.0,778.0,983.0,933.0,866.0,698.0,103.35,874.0,153.0,85.0,67.0,110.0,101.44,96.0,92.08,-39.09,-91.59,-81.38,4.19,4.52,5.18,5.23,2023-08-10
2023-08-11,789.0,841.0,790.0,988.0,944.0,877.0,710.0,105.1,888.0,140.0,81.0,62.0,106.0,100.73,95.26,91.36,-40.34,-94.09,-83.04,4.14,4.45,5.04,5.1,2023-08-11
2023-08-14,779.0,828.0,783.0,978.0,931.0,860.0,700.0,103.45,876.0,140.0,81.0,59.0,109.0,102.75,97.2,93.46,-39.68,-85.28,-77.03,4.2,4.45,5.08,5.16,2023-08-14
2023-08-15,787.0,836.0,785.0,978.0,937.0,868.0,708.0,104.1,882.0,140.0,80.0,59.0,102.0,100.44,94.9,91.28,-31.99,-80.68,-74.39,4.17,4.46,5.03,5.1,2023-08-15
2023-08-16,786.0,835.0,785.0,978.0,934.0,865.0,709.0,104.45,888.0,140.0,83.0,59.0,103.0,100.99,95.39,91.82,-27.44,-69.64,-68.26,0.0,4.49,5.05,5.12,2023-08-16
2023-08-17,799.0,856.0,798.0,988.0,953.0,886.0,720.0,108.8,836.0,126.0,67.0,54.0,89.0,100.81,95.05,91.52,,,,-31.53,,,4.1,2023-08-17
2023-08-18,800.0,862.0,803.0,988.0,953.0,892.0,719.0,109.35,840.0,119.0,57.0,52.0,87.0,105.65,99.38,95.66,,,,-43.98,,,4.07,2023-08-18
2023-08-21,808.0,873.0,812.0,993.0,967.0,903.0,722.0,110.35,847.0,121.0,53.0,57.0,89.0,106.85,100.48,96.59,,,,-44.9,,,3.99,2023-08-21
2023-08-22,833.0,901.0,836.0,1003.0,975.0,931.0,744.0,113.3,869.0,118.0,47.0,57.0,84.0,107.42,101.05,97.01,,,,-41.81,,,3.89,2023-08-22
2023-08-23,842.0,903.0,839.0,1003.0,981.0,933.0,749.0,116.5,892.0,125.0,49.0,57.0,85.0,110.68,104.23,100.01,,,,-37.89,,,3.9,2023-08-23
2023-08-28,827.0,889.0,826.0,993.0,968.0,914.0,735.0,113.95,872.0,124.0,50.0,57.0,87.0,113.77,107.4,103.33,-69.63,-83.39,-87.83,3.94,4.13,4.56,4.72,2023-08-28
2023-08-29,825.0,884.0,831.0,993.0,965.0,905.0,727.0,114.05,873.0,129.0,49.0,59.0,99.0,112.27,106.02,102.0,-62.1,-87.85,-93.71,3.96,4.18,4.54,4.69,2023-08-29
2023-08-30,832.0,893.0,837.0,998.0,972.0,908.0,737.0,116.45,890.0,124.0,46.0,56.0,93.0,112.18,106.09,102.18,-68.81,-88.86,-92.12,3.92,4.16,4.49,4.64,2023-08-30
2023-08-31,849.0,914.0,857.0,1008.0,980.0,929.0,757.0,118.2,903.0,106.0,32.0,43.0,78.0,114.13,108.19,104.22,-71.19,-86.98,-91.77,3.85,4.02,4.43,4.58,2023-08-31
2023-09-01,846.0,910.0,850.0,1008.0,980.0,925.0,757.0,,,110.0,38.0,45.0,77.0,116.33,109.98,105.98,-52.48,-81.45,-90.99,3.9,4.09,4.51,4.66,2023-09-01
2023-09-04,850.0,913.0,855.0,1015.0,987.0,925.0,765.0,118.5,905.0,118.0,50.0,51.0,86.0,116.27,110.07,106.02,-58.19,-85.39,-93.54,3.92,4.1,4.52,4.67,2023-09-04
2023-09-05,852.0,910.0,857.0,1018.0,993.0,922.0,771.0,118.75,907.0,124.0,61.0,52.0,92.0,117.08,110.57,106.48,-68.23,-90.42,-97.25,3.93,4.08,4.49,4.65,2023-09-05
2023-09-06,863.0,916.0,860.0,1018.0,993.0,928.0,778.0,119.5,914.0,133.0,66.0,56.0,93.0,117.54,110.56,106.55,-75.92,-88.31,-94.28,3.91,4.08,4.47,4.62,2023-09-06
2023-09-07,853.0,902.0,846.0,1013.0,974.0,917.0,769.0,117.7,901.0,130.0,64.0,49.0,86.0,118.85,111.56,107.41,-86.55,-91.76,-94.51,3.95,4.11,4.54,4.68,2023-09-07
2023-09-08,853.0,899.0,849.0,1013.0,973.0,917.0,770.0,,,137.0,72.0,53.0,96.0,117.07,109.69,105.52,-80.3,-93.76,-92.84,3.95,4.07,4.49,4.67,2023-09-08
2023-09-11,863.0,920.0,865.0,1033.0,990.0,940.0,789.0,120.65,923.0,237.0,181.0,164.0,151.0,108.77,104.75,116.43,-97.23,-101.46,-84.18,3.87,4.41,4.58,3.99,2023-09-11
2023-09-12,869.0,927.0,873.0,1038.0,1000.0,947.0,801.0,122.6,938.0,239.0,190.0,164.0,152.0,112.49,108.19,119.51,-101.54,-103.56,-80.14,3.87,4.41,4.58,4.0,2023-09-12
2023-09-13,869.0,929.0,875.0,1038.0,1004.0,944.0,805.0,122.5,936.0,237.0,192.0,165.0,152.0,113.87,109.35,120.93,-105.27,-108.5,-86.7,3.85,4.39,4.56,3.98,2023-09-13
2023-09-14,891.0,934.0,875.0,1043.0,1008.0,949.0,810.0,123.95,947.0,257.0,194.0,167.0,149.0,114.14,109.68,121.13,-104.78,-107.54,-87.06,3.83,4.39,4.55,3.98,2023-09-14
2023-09-15,907.0,950.0,894.0,1063.0,1040.0,965.0,835.0,0.0,0.0,260.0,206.0,169.0,154.0,114.91,110.28,121.98,-107.77,-108.67,-88.69,3.8,4.35,4.51,4.79,2023-09-15
2023-09-19,898.0,938.0,887.0,1063.0,1025.0,983.0,845.0,122.75,936.0,267.0,234.0,173.0,163.0,115.72,110.88,107.05,-104.55,-105.31,-128.77,3.87,4.44,4.59,4.91,2023-09-19
2023-09-20,908.0,948.0,894.0,1073.0,1035.0,968.0,857.0,124.65,950.0,271.0,239.0,173.0,160.0,114.24,109.39,105.54,-101.51,-101.7,-126.49,3.83,4.4,4.57,4.88,2023-09-20
2023-09-21,898.0,938.0,892.0,1073.0,1022.0,960.0,850.0,119.85,915.0,278.0,251.0,181.0,177.0,115.56,110.47,106.47,-101.2,-102.94,-131.02,3.84,4.41,4.6,4.88,2023-09-21
2023-09-22,909.0,949.0,903.0,1088.0,1038.0,975.0,855.0,123.6,943.0,275.0,240.0,176.0,172.0,111.59,106.48,102.43,-88.49,-89.57,-111.25,3.8,4.34,4.53,4.83,2023-09-22
2023-09-25,899.0,934.0,890.0,1083.0,1015.0,960.0,840.0,,,291.0,251.0,186.0,185.0,114.86,109.56,105.47,-97.48,-99.03,-124.87,3.83,4.4,4.62,4.92,2023-09-25
2023-09-26,896.0,931.0,888.0,1083.0,1013.0,957.0,840.0,118.8,907.0,294.0,257.0,187.0,186.0,109.99,104.71,100.42,-84.99,-86.69,-108.42,3.82,4.37,4.61,4.89,2023-09-26
2023-09-27,901.0,936.0,891.0,1088.0,1020.0,962.0,841.0,117.4,897.0,293.0,252.0,187.0,184.0,108.98,103.62,99.39,-80.3,-83.86,-105.07,3.8,4.35,4.58,4.86,2023-09-27
2023-09-28,901.0,941.0,896.0,1093.0,1020.0,967.0,846.0,118.3,903.0,288.0,252.0,187.0,184.0,110.38,104.93,100.68,-86.15,-88.47,-111.53,3.79,4.33,4.56,4.86,2023-09-28
2023-10-09,895.0,920.0,877.0,1078.0,1010.0,946.0,834.0,116.35,890.0,303.0,261.0,187.0,187.0,111.45,106.03,101.83,-89.19,-91.77,-119.23,3.84,4.39,4.63,4.91,2023-10-09
2023-10-10,885.0,909.0,865.0,1078.0,993.0,929.0,823.0,114.05,873.0,304.0,261.0,184.0,183.0,107.94,101.89,97.59,-85.63,-80.55,-102.17,3.84,4.41,4.66,4.97,2023-10-10
2023-10-11,890.0,916.0,875.0,1088.0,1008.0,936.0,829.0,116.25,889.0,306.0,264.0,184.0,185.0,106.23,99.84,95.65,-80.66,-76.33,-99.84,3.81,4.37,4.64,4.91,2023-10-11
2023-10-12,890.0,922.0,880.0,1088.0,1005.0,942.0,822.0,118.2,903.0,306.0,256.0,181.0,181.0,107.77,100.94,96.48,-84.63,-81.23,-103.55,3.8,4.33,4.64,4.91,2023-10-12
2023-10-13,893.0,925.0,880.0,1088.0,1009.0,945.0,826.0,118.45,905.0,294.0,246.0,179.0,176.0,109.79,102.88,98.47,-91.47,-96.93,-119.66,3.79,4.3,4.57,4.83,2023-10-13
2023-10-16,900.0,935.0,892.0,1098.0,1020.0,955.0,831.0,,,284.0,233.0,170.0,169.0,112.35,105.25,111.1,-107.52,-101.91,-210.87,3.77,4.24,4.53,4.74,2023-10-16
2023-10-17,905.0,938.0,895.0,1101.0,1023.0,958.0,834.0,,,288.0,235.0,169.0,168.0,113.14,106.34,101.28,-93.91,-92.24,-114.19,3.76,4.21,4.51,4.85,2023-10-17
2023-10-18,900.0,929.0,887.0,1098.0,1013.0,950.0,825.0,118.35,905.0,290.0,233.0,164.0,165.0,113.14,106.34,101.28,-89.9,-90.73,-111.68,3.79,4.2,4.53,4.87,2023-10-18
2023-10-19,900.0,937.0,894.0,1103.0,1015.0,957.0,830.0,119.35,912.0,282.0,230.0,163.0,162.0,111.71,105.1,99.9,-83.28,-88.66,-108.97,3.75,4.18,4.51,4.85,2023-10-19
2023-10-20,875.0,908.0,865.0,1083.0,994.0,928.0,810.0,,,286.0,240.0,163.0,163.0,112.22,105.87,99.9,-76.92,-86.41,-101.47,3.86,4.3,4.64,4.99,2023-10-20
2023-10-23,870.0,903.0,856.0,1078.0,988.0,923.0,800.0,115.55,884.0,284.0,232.0,162.0,157.0,108.34,101.57,96.54,-77.92,-83.0,-102.19,3.87,4.28,4.63,4.98,2023-10-23
2023-10-24,890.0,927.0,880.0,1093.0,1009.0,947.0,811.0,118.55,906.0,275.0,213.0,159.0,154.0,108.46,101.61,96.62,-82.88,-86.81,-104.83,3.79,4.2,4.52,4.85,2023-10-24
2023-10-25,900.0,930.0,885.0,1098.0,1013.0,950.0,816.0,120.0,917.0,274.0,207.0,154.0,152.0,111.67,104.76,99.73,-79.35,-81.29,-102.99,3.82,4.21,4.51,4.85,2023-10-25
2023-10-26,901.0,933.0,889.0,1098.0,1016.0,953.0,819.0,119.0,909.0,268.0,203.0,153.0,151.0,112.74,105.7,100.46,-80.51,-77.41,-102.9,3.81,4.2,4.48,4.8,2023-10-26
2023-10-27,909.0,946.0,903.0,1103.0,1021.0,966.0,829.0,121.8,930.0,259.0,196.0,155.0,154.0,112.54,105.5,100.72,-74.38,-68.27,-97.5,3.79,4.19,4.43,4.73,2023-10-27
2023-10-30,911.0,955.0,907.0,1108.0,1026.0,970.0,935.0,0.0,0.0,249.0,299.0,154.0,147.0,115.08,108.04,102.61,-81.96,-71.35,-89.81,3.79,4.16,4.39,4.66,2023-10-30
2023-10-31,911.0,954.0,907.0,1108.0,1025.0,969.0,831.0,123.15,940.0,248.0,185.0,154.0,149.0,117.0,109.6,104.36,-87.02,-71.49,-88.49,3.79,4.15,4.38,4.66,2023-10-31
2023-11-01,925.0,965.0,920.0,1118.0,1035.0,980.0,833.0,125.35,956.0,247.0,171.0,145.0,142.0,116.94,109.39,104.33,-88.0,-69.27,-88.22,3.78,4.08,4.31,4.57,2023-11-01
2023-11-02,925.0,965.0,920.0,1118.0,1040.0,980.0,837.0,126.6,966.0,250.0,178.0,138.0,135.0,119.24,112.11,106.55,-85.65,-74.81,-89.22,3.79,4.05,4.32,4.61,2023-11-02
2023-11-03,925.0,962.0,918.0,1118.0,1040.0,977.0,832.0,126.8,967.0,252.0,175.0,137.0,135.0,120.4,113.2,107.63,-88.31,-86.4,-105.71,3.86,4.12,4.4,4.67,2023-11-03
2023-11-06,925.0,961.0,918.0,1118.0,1035.0,972.0,835.0,,,241.0,167.0,136.0,134.0,120.69,113.51,107.92,-92.65,-91.4,-108.05,3.89,4.11,4.37,4.15,2023-11-06
2023-11-07,920.0,958.0,911.0,1118.0,1035.0,965.0,832.0,126.1,962.0,235.0,163.0,134.0,128.0,121.61,114.5,108.89,-99.4,-88.23,-106.72,3.89,4.11,4.35,4.6,2023-11-07
2023-11-08,920.0,964.0,919.0,1118.0,1040.0,971.0,836.0,127.7,973.0,229.0,161.0,129.0,125.0,120.89,113.85,108.27,-94.96,-81.86,-94.11,3.86,4.12,4.37,4.63,2023-11-08
2023-11-09,922.0,966.0,920.0,1118.0,1045.0,973.0,841.0,128.15,977.0,226.0,162.0,127.0,122.0,122.52,115.44,109.87,-96.68,-88.76,-104.58,3.88,4.1,4.36,4.63,2023-11-09
2023-11-10,930.0,978.0,935.0,1128.0,1060.0,985.0,845.0,129.8,989.0,217.0,149.0,118.0,116.0,122.95,115.79,110.13,-96.15,-87.08,-104.18,3.85,4.03,4.29,4.56,2023-11-10
2023-11-13,942.0,985.0,939.0,1130.0,1069.0,992.0,850.0,,,221.0,144.0,120.0,115.0,124.59,117.32,111.49,-86.94,-81.48,-97.2,3.85,4.01,4.23,4.5,2023-11-13
2023-11-14,890.0,927.0,880.0,1093.0,1009.0,947.0,811.0,118.55,906.0,275.0,213.0,159.0,154.0,108.46,101.61,96.62,-82.88,-86.81,-104.83,3.79,4.2,4.52,4.85,2023-11-14
